Sujeto de Apoyo,Nombre del Proyecto,Sector,Monto Autorizado MXN 
Universidad Autónoma de Baja California,"DESARROLLO DE UN MÉTODO MULTIPLEX, ECONÓMICO Y RÁPIDO PARA LA IDENTIFICACIÓN SIMULTÁNEA DE MUTACIONES RESPONSABLES DE LA RESISTENCIA A DROGAS ANTI-TUBERCULOSAS DE PRIMERA Y SEGUNDA LÍNEA, APLICADO DIRECTAMENTE EN MUESTRAS CLÍNICAS",Servicios Educativos,"1,993,351.00"
Universidad de Occidente,DESARROLLO DE UN SISTEMA DE APOYO PARA LA TOMA DE DECISIONES BASADO EN AGENTES INTELIGENTES PARA EL DISEÑO DE NUEVOS PRODUCTOS AGROINDUSTRIALES,Servicios Educativos,"1,101,000.00"
Universidad Nacional Autónoma de México - Instituto de Geofísica,DISEÑO DE UNA ESTRATEGIA NACIONAL ANTE FENOMENOS DE CLIMA ESPACIAL,Servicios Educativos,"3,640,000.00"
Centro de Investigación Científica de Yucatán A.C. (CICY),Generación de una Variedad Intragénica de Plátano Resistente a la Enfermedad de la Sigatoka Negra para Mejorar la Economía de los Productores y Proteger al Ambiente.,"Servicios Profesionales, Cientificos Y Tecnicos","2,000,000.00"
Universidad Nacional Autónoma de México - Facultad de Medicina Veterinaria y Zootecnia,EVALUACIÓN DE UN TRATAMIENTO NOVEDOSO PARA INFECCIONES POR LEPTOSPIRA EN ANIMALES DE COMPAÑIA Y PRODUCCIÓN,Servicios Educativos,"2,000,000.00"
Universidad Nacional Autónoma de México - Facultad de Ciencias,"HONGOS MEXICANOS: FILOGENIA Y BIOGEOGRAFÍA APLICADAS A LA VALORACIÓN Y CONSERVACIÓN DE ESPECIES MEXICANAS ENDÉMICAS, CON ÉNFASIS EN AQUELLAS DISTRIBUIDAS EN BOSQUES TEMPLADOS HÚMEDOS DE MONTAÑA",Servicios Educativos,"3,150,000.00"
Universidad Nacional Autónoma de México - Instituto de Ecología,"ESTRATEGIA DE REHABILITACIÓN ECOLÓGICA EMPLEANDO BIODIVERSIDAD NATIVA, EN BOSQUE TEMPLADO AFECTADO POR ACTIVIDAD MINERA PÉTREA Y AGROPECUARIA",Servicios Educativos,"3,962,830.00"
Universidad Autónoma del Estado de Hidalgo,PROCESAMIENTO DE ARCILLAS FELDESPÁTICAS PARA LA GENERACIÓN DE EMPLEOS Y LA PRODUCCIÓN DE ALIMENTOS,Servicios Educativos,"2,000,000.00"
Universidad Nacional Autónoma de México - Centro Regional de Investigaciones Multidisciplinarias,VIOLENCIA CONTRA MUJERES Y SEGURIDAD CIUDADANA EN MÉXICO. UN ACERCAMIENTO DESDE EL ÁMBITO MUNICIPAL PARA LA FORMULACIÓN E IMPLEMENTACIÓN DE POLÍTICAS,Servicios Educativos,"4,000,000.00"
Centro de Investigación y Asistencia en Tecnología y Diseño del Estado de Jalisco A.C. (CIATEJ),EFECTOS HEMATOPOYÉTICOS EN NIÑOS EXPUESTOS AMBIENTALMENTE A BENCENO,"Servicios Profesionales, Cientificos Y Tecnicos","1,128,000.00"
Universidad Nacional Autónoma de México - Instituto de Geofísica,"ELABORACION DEL MAPA DE PELIGROS DEL VOLCAN TACANA, CHIAPAS Y ANALISIS PARA LA PREVENCION DE RIESGOS",Servicios Educativos,"1,999,000.00"
Universidad Autónoma de Baja California,HERRAMIENTAS MOLECULARES Y MORFOLÓGICAS PARA LA CARACTERIZACIÓN DE TRYPANOSOMA CRUZI Y SU VECTOR ENDÉMICO DIPETALOGASTER MAXIMUS EN LA PENÍNSULA DE BAJA CALIFORNIA,Servicios Educativos,"1,500,000.00"
Universidad Autónoma Metropolitana - Unidad Iztapalapa,APLICACIÓN DE UN MODELO BIOPSICOSOCIAL PARA EL BIENESTAR FAMILIAR. DISMINUCIÓN DE FACTORES ESTRESANTES Y CONDUCTAS AGRESIVAS DURANTE LA CONVIVENCIA COTIDIANA,Servicios Educativos,"1,500,000.00"
Universidad Nacional Autónoma de México - Instituto de Geofísica,TRANSFERENCIA DE ESFUERZOS SÍSMICOS Y EFECTOS SOBRE LA SISMICIDAD EN LA ZONA DE SUBDUCCIÓN MEXICANA,Servicios Educativos,"1,885,276.00"
Universidad Nacional Autónoma de México - Instituto de Ecología,"DESARROLLO, OPTIMIZACIÓN E IMPLEMENTACIÓN DE NUEVAS TECNOLOGÍAS MOLECULARES Y CARTOGRÁFICAS DE BIOMONITOREO DE TRANSGENES Y HERBICIDAS EN MAÍZ EN MÉXICO: HACIA UNA ESTRATEGIA Y PANORAMA INTEGRALES DE BIOSEGURIDAD",Servicios Educativos,"4,000,000.00"
Instituto Tecnológico y de Estudios Superiores de Monterrey,ALGORITMOS BASADOS EN MINUCIAS PARA LA IDENTIFICACIÓN DE HUELLAS LATENTES DACTILARES Y PALMARES,Servicios Educativos,"1,970,383.00"
Universidad Autónoma de Chapingo,"EL PROYECTO ESTRATÉGICO DE SEGURIDAD ALIMENTARIA, LA CRUZADA CONTRA EL HAMBRE Y LAS SINERGIAS PARA POTENCIARLAS",Servicios Educativos,"3,839,802.00"
Instituto Politécnico Nacional,"DISEÑO POR COMPUTADORA, SÍNTESIS Y EVALUACIÓN EXPERIMENTAL DE COMPUESTOS CON ACTIVIDAD MULTI-TARGET CONTRA EL CÁNCER DE MAMA TRIPLE NEGATIVO",Servicios Educativos,"3,980,000.00"
Instituto Tecnológico y de Estudios Superiores de Monterrey,DESARROLLO DE NUEVAS TECNOLOGÍAS DE NEUROREHABILITACIÓN PARA ABORDAR EL PROBLEMA DE DISCAPACIDAD MOTORA EN MÉXICO,Servicios Educativos,"1,500,000.00"
El Colegio de Sonora,LA CAPACIDAD INSTITUCIONAL DE LOS ORGANISMOS OPERADORES DE AGUA POTABLE DE LAS REGIONES NORTE Y BAJÍO DE MÉXICO,Servicios Educativos,"894,910.00"
Instituto Nacional de Medicina Genómica,VARIANTES GENÓMICAS PARA IDENTIFICAR TUBERCULOSIS FÁRMACORRESISTENTE DIRECTAMENTE EN MUESTRA CLÍNICA,"Servicios Profesionales, Cientificos Y Tecnicos","1,353,000.00"
Instituto Politécnico Nacional,SISTEMA MOVIL GEO-SOCIAL DE RUTAS SEGURAS Y PRONOSTICO DELICTIVO PARA LA CIUDAD DE MEXICO,Servicios Educativos,"1,400,000.00"
Instituto Tecnológico y de Estudios Superiores de Monterrey,DESARROLLO DE UNA METODOLOGÍA URBANO-AMBIENTAL PARA ESTIMAR LOS IMPACTOS EN LA SALUD PÚBLICA DE LAS EMISIONES VEHICULARES EN CIUDADES MEDIAS CON CRECIMIENTO VEHICULAR Y POBLACIONAL ACELERADOS,Servicios Educativos,"2,590,748.00"
Instituto Nacional de Investigaciones Forestales Agrícolas y Pecuarias,"GENERACION DE TECNOLOGÍA PARA LA PRODUCCIÓN SUSTENTABLE Y USO INTEGRAL DE MALANGA Y YUCA EN TABASCO Y VERACRUZ, MÉXICO",AGRICULTURA GANADERIA APROVECHAMIENTO FORESTAL PESCA Y CAZA,"2,710,000.00"
Instituto Politécnico Nacional,POTENCIAL DE BACOPA MONNERI PENELL COMO ALTERNATIVA SUSTENTABLE PARA DESALINIZAR Y MEJORAR LA CALIDAD EDÁFICA DE SUELOS SALINOS,Servicios Educativos,"1,500,000.00"
Instituto Politécnico Nacional,"DESARROLLO DE UN PLAN PILOTO PARA EL MEJORAMIENTO DE LA RESILIENCIA DE UNA REGIÓN VULNERABLE A SISMOS Y/O INUNDACIONES, REPRESENTATIVA DE GRANDES CONCENTRACIONES URBANAS DE LA REPÚBLICA MEXICANA",Servicios Educativos,"2,000,000.00"
Instituto Mexicano de Tecnología del Agua,OPTIMIZACIÓN DE LOS PROCESOS DE TRATAMIENTO DE RESIDUOS PROVENIENTES DE LA REMOCIÓN DE ARSÉNICO EN AGUA PARA CONSUMO HUMANO,"Servicios Profesionales, Cientificos Y Tecnicos","1,937,000.00"
Instituto Educativo del Noroeste A.C.,"FACTORES QUE INCIDEN EN LA COMPETITIVIDAD DE UNA INDUSTRIA CULTURAL Y CREATIVA: EL CASO DE LA CERVEZA ARTESANAL DE BAJA CALIFORNIA, MÉXICO",Servicios Educativos,"514,297.00"
Universidad Autónoma del Estado de Hidalgo,PROPUESTA DE UN MODELO DE INNOVACIÓN BASADO EN LA ECONOMIA NACIONAL DEL CONOCIMIENTO,Servicios Educativos,"4,000,000.00"
Instituto Tecnológico Superior de Tierra Blanca,CELDAS DE COMBUSTIBLE MICROBIANAS PARA LA GENERACIÓN DE ENERGÍA ELÉCTRICA A PARTIR DE AGUAS RESIDUALES ACUÍCOLAS DEL ESTADO DE VERACRUZ,Servicios Educativos,"1,500,000.00"
Instituto Politécnico Nacional,PELÍCULAS DELGADAS DE ÓXIDOS NANOESTRUCTURADOS PARA DISMINUIR LA TEMPERATURA DE OPERACIÓN DE CELDAS DE COMBUSTIBLE,Servicios Educativos,"2,000,000.00"
Centro de Investigación y Asistencia en Tecnología y Diseño del Estado de Jalisco A.C. (CIATEJ),NANOESTRUCTURAS AUTOENSAMBLADAS A BASE DE BIOPOLÍMEROS NATURALES Y SU EVALUACIÓN ESTABILIZANTE DE HIERRO PARA ATENDER LA DESNUTRICIÓN INFANTIL,"Servicios Profesionales, Cientificos Y Tecnicos","1,200,000.00"
Instituto Nacional de Salud Pública,"EVALUACIÓN DE
REPELENTES ESPACIALES Y SUS SISTEMAS DE LIBERACIÓN PARA EL MANTENIMIENTO DE ÁREAS LIBRES DE MOSQUITOS VECTORES DE DENGUE, FIEBRE CHIKUNGUNYA Y ZIKA EN MÉXICO","Servicios Profesionales, Cientificos Y Tecnicos","2,000,000.00"
Universidad Autónoma de Baja California,DESARROLLO DE UN SISTEMA DE DETECCIÓN DE RICKETTSIA RICKETTSII BASADO EN APTÁMEROS DE ARN,Servicios Educativos,"1,500,000.00"
Centro de Investigación y Asistencia en Tecnología y Diseño del Estado de Jalisco A.C. (CIATEJ),SISTEMA PARA LA INTELIGENCIA TERRITORIAL TECNOLÓGICA Y COMPETITIVA DE LOS ALIMENTOS Y LA ALIMENTACIÓN (SITTC DE LOS ALIMENTOS Y LA ALIMENTACIÓN),"Servicios Profesionales, Cientificos Y Tecnicos","3,876,228.00"
Instituto Politécnico Nacional,"POLÍTICAS PÚBLICAS
PARA ENFRENTAR LA POBREZA EXTREMA MEDIANTE LA DISMINUCIÓN DE PÉRDIDAS DE ALIMENTOS EN MÉXICO",Servicios Educativos,"2,000,000.00"
Universidad del Papaloapan,MOLIENDA MECÁNICA DE ALTA ENERGÍA PARA LA OBTENCIÓN DE AZÚCARES REDUCTORES DE FUENTES NO CONVENCIONALES PARA LA PRODUCCIÓN DE BIOHIDRÓGENO POR FERMENTACIÓN OSCURA,Servicios Educativos,"1,500,000.00"
Universidad Autónoma de Baja California,"MODELO INTEGRAL DE COMBATE A LA POBREZA E INSEGURIDAD ALIMENTARIA PARA COMUNIDADES EN SITUACIÓN DE VULNERABILIDAD DE TIJUANA, BAJA CALIFORNIA",Servicios Educativos,"3,901,000.00"
Instituto Politécnico Nacional,VALORACIÓN DE LA CONDICIÓN DE SALUD DE CUERPOS DE AGUA EN ÁREAS NATURALES PROTEGIDAS A TRAVÉS DEL MONITOREO BIOLÓGICO CON FINES DE CONSERVACIÓN Y GESTIÓN DEL RECURSO HÍDRICO,Servicios Educativos,"2,000,000.00"
Instituto Nacional de Ciencias Médicas y Nutrición Salvador Zubiran,Progama de becas,Servicios Educativos,"7,000,000.00"
Universidad Autónoma de la Ciudad de México,"La Migración irregular en Tránsito por México: Marco Institucional, Gestión Organizacional y Prácticas Migratorias.",Servicios Educativos,"349,202.00"
Centro de Investigación Científica de Yucatán A.C. (CICY),"Diseño, Construcción e Implementación de un Vehículo Submarino Autónomo Alimentado Por Energías Renovables, Para La Localización, Cuantificación Y Monitoreo Del Pez León, Especie Invasora En El Caribe","Servicios Profesionales, Cientificos Y Tecnicos","3,880,000.00"
Instituto de Ecología A.C. (INECOL),Comunicacion Quimica Planta-Bacteria Y Su Impacto En La Producción Agrícola,"Servicios Profesionales, Cientificos Y Tecnicos","1,500,000.00"
Instituto Nacional de Salud Pública,"Epidemiología Molecular, Farmacorresistencia Y Susceptibilidad Genética De La Tuberculosis En La Zona Huichol En Jalisco, México","Servicios Profesionales, Cientificos Y Tecnicos","3,999,790.00"
Universidad Autónoma del Estado de Morelos,"Conflictos Entre Conservación De La Vida Silvestre Y Las Comunidades Rurales De La Reserva De La Biósfera Sierra De Huautla, Morelos.",Servicios Educativos,"608,800.00"
Universidad Autónoma de Yucatán,Estudio Y Diagnóstico De La Infección Experimental Con Trypanosoma Cruzi Mediante La Aplicación De Técnicas Innovadoras No Invasivas Basadas En Ultrasonido.,Servicios Educativos,"3,992,000.00"
Universidad Autónoma de Chihuahua,Utilizacion Del Ultrasonido De Potencia Como Tecnología Emergente Para Atender Problemas De Calidad De La Carne,Servicios Educativos,"4,000,000.00"
Colegio de Postgraduados,Análisis Transcriptómico De La Microbiota Ruminal De Bovinos Alimentados Con Forrajes Tropicales Y Su Correlación Con La Producción De Gases De Efecto Invernadero,"Servicios Profesionales, Cientificos Y Tecnicos","1,011,000.00"
Universidad Autónoma del Estado de Morelos,Preparación De Nuevos Agentes Antitumorales Más Selectivos A Través De Procesos Sostenibles.,Servicios Educativos,"945,000.00"
Instituto Mexicano de Tecnología del Agua,Desalinización De Agua Subterránea Salobre Mediante Energía Solar Para Aplicaciones De Riego Agrícola En Zonas Rurales,"Servicios Profesionales, Cientificos Y Tecnicos","1,190,000.00"
Centro de Investigaciones Biológicas del Noreste S.C. (CIBNOR),Desarrollo Y Validación De Alimentos Funcionales Para El Control De Enfermedades En El Camarón Litopenaeus Vannamei,"Servicios Profesionales, Cientificos Y Tecnicos","1,104,000.00"
Centro de Investigación y Asistencia en Tecnología y Diseño del Estado de Jalisco A.C. (CIATEJ),"Producción Y Aprovechamiento Del Café. Prospección Sistémica De La Cadena De Valor En Los Estados De Chiapas, Oaxaca Y Guerrero.","Servicios Profesionales, Cientificos Y Tecnicos","1,205,000.00"
Centro de Investigación en Materiales Avanzados S.C. (CIMAV),Establecimiento De Estrategias Pasivas Selectivas En Vivienda De Interés Social Para Ciudades Con Clima Templado Seco,Ninguna,"767,000.00"
Centro de Investigación y Asistencia en Tecnología y Diseño del Estado de Jalisco A.C. (CIATEJ),"Protección, Sustentabilidad Y Aprovechamiento Del Ecosistema En La Biodiversidad Del Agave: La Cadena Productiva Del Mezcal En Los Estados De Guerrero Y Oaxaca","Servicios Profesionales, Cientificos Y Tecnicos","1,500,000.00"
Instituto Nacional de Cardiología Ignacio Chávez,Evaluación Del Control Cardiovascular Empleando Análisis Tiempo-Frecuencia Del Intervalo Inter Latidos Y De La Tensión Arterial Para La Detección Temprana De Los Periodos De Hipotensión En Pacientes Con Insuficiencia Renal Crónica,Servicios De Salud Y De Asistencia Social,"1,367,280.00"
Universidad del Mar,"Evaluación Del Potencial De Las Técnicas De Secuenciación Masiva, Adn Ambiental Y Código De Barras Genético Para La Descripción De La Biodiversidad Bentónica De Los Ecosistemas Marinos Y Costeros De Oaxaca",Servicios Educativos,"1,252,000.00"
Centro de Investigaciones en Óptica A.C. (CIO),Diseño Y Construcción De Potabilizador Integral Solar De Agua Para Comunidades Rurales,"Servicios Profesionales, Cientificos Y Tecnicos","3,979,347.00"
Centro de Investigación y Docencia Económicas A.C. (CIDE),Entendiendo Y Resolviendo Conflictos Por El Agua En México: Elementos De Gobernanza Y Propuestas De Política Pública,Servicios Educativos,"4,000,000.00"
Centro de Investigaciones Biológicas del Noreste S.C. (CIBNOR),"Un Nuevo Enfoque Para La Recuperación, Inspección Y Vigilancia De Recursos Sobreexplotados De Alto Valor Comercial, Caso De Estudio: La Pesquería De Abulón","Servicios Profesionales, Cientificos Y Tecnicos","1,499,400.00"
Universidad Autónoma de Chihuahua,Desarrollo De Tecnología Innovadora En La Disposición De Residuo Plástico,Servicios Educativos,"1,500,000.00"
Instituto Tecnológico de Tijuana,Biomateriales Producidos a partir de Polímeros Naturales para Tratamiento Regenerativo de Úlceras del Pie Diabético.,Servicios Educativos,"2,000,000.00"
Instituto Tecnológico de Tijuana,Aplicación y Desarrollo de Materiales Nanoestructurados para el Aprovechamiento de la Energia Solar Mediante la Generación de Celdas Solares de Baja Potencia Sensibilizadas con Colorantes Orgánicos y Organometálicos,Servicios Educativos,"1,500,000.00"
Universidad Nacional Autónoma de México - Centro de Geociencias,Monitoreo de la Sismicidad Relaciona con la Actividad del Volcán Ceborucocolorantes Orgánicos y Organometálicos,Servicios Educativos,"1,500,000.00"
El Colegio de la Frontera Norte A.C. (COLEF),Espacios Públicos y Actividad Física en Ciudades del Norte de México,Servicios Educativos,"2,224,790.00"
Universidad Juárez Autónoma de Tabasco,Planta Solar Prototipo para la Producción Fotoasistida de Hidrógeno Empleando Nanoestructuras Modificadas de WO3 Soportadas en Carbono,Servicios Educativos,"1,500,000.00"
Universidad de Colima,Ingeniería de Plantas: Diseño de Plantas Resistentes a los Begomovirus de Mayor Importancia en México Basado en Micrornas.,Servicios Educativos,"1,500,000.00"
El Colegio de México A.C.,La Competitividad de las Ciudades en el Desarrollo de México,"Servicios Profesionales, Cientificos Y Tecnicos","1,482,000.00"
Universidad Iberoamericana A.C.,Pobreza Urbana: una Nueva Visión Multidimensional,Servicios Educativos,"3,340,000.00"
Universidad Autónoma de Chapingo,Prototipos Regionales para la Seguridad y la Soberania Alimentaria y el Combate a la Pobreza. un Enfoque Territorial.,Servicios Educativos,"3,874,000.00"
Instituto Tecnológico de Sonora,Optimización de Sinergias entre Celdas Solares Fotovoltaicas y Membranas de Ósmosis Inversa para la Desalinización de Aguas Marinas y Salobres,"Servicios Profesionales, Cientificos Y Tecnicos","1,497,612.00"
Centro de Investigación Científica y de Educación Superior de Ensenada B.C. (CICESE),Desarrollo e Implementación de Captadores de Niebla Bioinspirados en la Península de Baja California.,Servicios Educativos,"1,427,000.00"
Universidad Michoacana de San Nicolás de Hidalgo,Crimen Organizado y Debilidad Institucional en Michoacàn.,Servicios Educativos,"340,000.00"
Universidad Autónoma de Chihuahua,Utilización de Zeolitas Naturales Mexicanas para la Remoción de Contaminantes en Agua.,Servicios Educativos,"3,545,000.00"
Instituto Tecnológico de Tizimín,Estudio Multidisciplinario para el Uso Sustentable de Limulus Polyphemus en la Península de Yucatán.,"Servicios Profesionales, Cientificos Y Tecnicos","3,749,000.00"
Universidad Michoacana de San Nicolás de Hidalgo,Genética del Paisaje y Estructura Genética de Vertebrados Endémicos del Bosque Tropical Caducifolio: Implicaciones para su Conservación.,Servicios Educativos,"1,500,000.00"
Instituto Tecnológico de Chetumal,Evaluación del Efecto de la Forma Urbana sobre el Consumo de Recursos y sus Impactos Ambientales y Económicos.,Servicios Educativos,"1,090,000.00"
Universidad Michoacana de San Nicolás de Hidalgo,Aprovechamiento  de  Pozos  Petroleros Abandonados/Inoperantes como Fuente Sustentable de Energía para Sistemas Híbridos Geotermia/Concentrador Solar,Servicios Educativos,"1,500,000.00"
Instituto Tecnológico de Tepic,Aplicación de Recubrimientos Adicionados de Agentes de Biocontrol a Frutos Tropicales para el Control de Enfermedades Postcosecha.,Servicios Educativos,"1,960,000.00"
Instituto Politécnico Nacional,"Alimentos y Productos de Maíz y Frijol Pigmentados con Alto Valor 
Nutricionl para Comunidades Oaxaqueñade Alta Marginación.",Servicios Educativos,"3,656,688.00"
Universidad Michoacana de San Nicolás de Hidalgo,Desarrollo Local y Seguridad Alimentaria a Través del Metabolismo Social de Productos Básicos Agroalimentarios y Pesqueros en Michoacán.,Servicios Educativos,"1,430,000.00"
Instituto Nacional de Cancerología,"Efectos De Una Intervención Cognitivo Conductual Sobre La Adhesión Al Tratamiento, Tabaquismo Y Calidad De Vida, Mediante la Modificación de los Estilos de Afrontamiento en Pacientes con Cáncer de Mama en Inicio de Tratamiento Médico.",Servicios De Salud Y De Asistencia Social,"278,000.00"
Universidad Autónoma de Nuevo León,Generación de Hidrogeno como Fuente de Energía Alterna.,Servicios Educativos,"1,500,000.00"
Universidad de Guadalajara,Identificación Molecular e Historia Demográfica de Encinares de México: Herramientas para su Manejo y Conservación.,Servicios Educativos,"1,310,000.00"
Thomson Reuters (Scientific) LLC,"Derechos de Acceso a los Articulos, Titulos y Publicaciones Electronicas.",No disponible,"67,551,267.77"
Centro de Investigaciones y Estudios Superiores en Antropología Social (CIESAS),"Caracterización de la Vulnerabilidad en Pueblos y Comunidades Indígenas: Caso de Estudio con Pescadores Cucapá En Baja California.","Servicios Profesionales, Cientificos Y Tecnicos","1,146,000.00"
Universidad Nacional Autónoma de México - Centro de Ciencias de la Atmósfera,Repositorio Institucional del Centro de Ciencias de la Atmósfera de la UNAM.,Servicios Educativos,"1,000,000.00"
Universidad Nacional Autónoma de México - Centro de Ciencias Genómicas,Repositorio de Conocimiento Genómico,Servicios Educativos,"975,740.96"
Universidad Nacional Autónoma de México - Instituto de Fisiología Celular,Mejoramiento e Implementación de una Base de Datos de Modificaciones Postraduccionales de la Levadura Saccharomyces Cerevisiae.,Servicios Educativos,"277,192.00"
Universidad Nacional Autónoma de México - Facultad de Ciencias,"Desarrollo del Portal de Acceso a la Información Biológica de la Unidad de Informática para la Biodiversidad de la Facultad de Ciencias, UNAM.",Servicios Educativos,"634,920.00"
Universidad Nacional Autónoma de México - Facultad de Estudios Superiores Iztacala,Implantación del Repositorio Institucionales de Acceso Abierto a la Información Científica y de Innovación Educativa en la Facultad de Estudios Superiores Iztacala,Servicios Educativos,"370,000.00"
Universidad Nacional Autónoma de México - Facultad de Ciencias,Creación de un Repositorio Público de Información de Cenotes del Estado de Yucatán.,Servicios Educativos,"467,000.00"
Universidad Nacional Autónoma de México - Instituto de Investigaciones en Matemáticas Aplicadas y en Sistemas,"Repositorio Institucional del Instituto de Investigaciones en Matemáticas Aplicadas y en Sistemas (IIMAS), UNAM.",Servicios Educativos,"741,825.00"
Universidad Nacional Autónoma de México - Dirección General de Cómputo y de Tecnologías de Información y Comunicación y Dirección General de Bibliotecas,"Repositorio Universitario de la Dirección General de Cómputo y de Tecnologías de Información y Comunicación, RU-TIC.",Servicios Educativos,"600,000.00"
"Universidad Nacional Autónoma de México - Escuela Nacional de Estudios Superiores, Unidad Morelia",Propuesta para el Desarrollo de una Infraestructura Tecnológica para la Creación de Repositorios Masivos de Datos Biológicos con Fines de Conservación y Análisis de Información.,Servicios Educativos,"1,000,000.00"
Universidad Nacional Autónoma de México - Instituto de Investigaciones en Ecosistemas y Sustentabilidad,Bases para Mejorar el Aprovechamiento Sustentable del Agua de Uso Agrícola en México.,Servicios Educativos,"1,078,000.00"
Instituto Mexicano del Seguro Social - Fondo de Investigación en Salud,Proteínas Reguladoras de la Vía de Wnt como Biomarcadores para el Diagnóstico de la Artritis Reumatoide.,Servicios De Salud Y De Asistencia Social,"1,493,500.00"
Universidad Nacional Autónoma de México - Instituto de Geofísica,El Repositorio Institucional de Clima Espacial México.,Servicios Educativos,"968,000.00"
Universidad Nacional Autónoma de México - Instituto de Geofísica,Repositorio de Datos del Servicio Sismológico Nacional.,Servicios Educativos,"993,000.00"
"El Colegio Mexiquense, A.C.","Proyecto para la Renovación de la Política Editorial de la Revista Economía, Sociedad Y Territorio y la Mejora de su Posicionamiento en Sistemas de Información.","Servicios Profesionales, Cientificos Y Tecnicos","109,864.32"
Universidad Autónoma Metropolitana - Unidad Iztapalapa,"Edición, Difusión y Ubicación a Nivel Internacional de la Revista Alteridades.",Servicios Educativos,"107,812.72"
El Colegio de la Frontera Norte A.C. (COLEF),"Consolidación de la Política Editorial, Optimización de la Visibilidad y Posicionamiento Web de la Revista Migraciones Internacionales.",Servicios Educativos,"129,920.00"
Centro de Investigaciones y Estudios Superiores en Antropología Social (CIESAS),Estrategia para Mejorar el Posicionamiento de Desacatos en el Sistema de Clasificación de Revistas Mexicanas de Ciencia y Tecnología del Consejo Nacional de Ciencia y Tecnología (CRMCYT) y de las Bases de Datos Comprensivas.,"Servicios Profesionales, Cientificos Y Tecnicos","108,888.13"
Universidad Autónoma Metropolitana - Unidad Iztapalapa,"Nuevas Estrategias de Visibilidad, Optimización de la Navegabilidad Web y Reorganización de la Política Editorial de la Revista Signos Históricos.",Servicios Educativos,"129,966.40"
Universidad Autónoma Metropolitana - Unidad Iztapalapa,"Nuevas estrategias de visibilidad, optimización de la navegabilidad web y reorganización de la política editorial de la revista Signos Filosóficos.",Servicios Educativos,"119,996.40"
Universidad Autónoma Metropolitana - Unidad Iztapalapa,"Desarrollo de estrategias de visibilidad, optimización de la navegabilidad web y consolidación de la política editorial de la revista Hidrobiológica.",Servicios Educativos,"129,708.80"
Universidad Autónoma de la Ciudad de México,"Generación de Red, digitalización y difusión electrónica de Andamios, Revista de Investigación Social.",Servicios Educativos,"119,909.00"
"Centros Culturales de México, A.C.","Plan de acción para posicionamiento de Tópicos, Revista de Filosofía",Servicios Educativos,"87,192.00"
El Colegio de Sonora,Región y sociedad: mejoramiento de la política editorial y de su visibilidad web,Servicios Educativos,"119,860.00"
Universidad Autónoma de Chapingo,Estrategias de mejoramiento integral de la Revista Chapingo Serie Ciencias Forestales y del Ambiente,Servicios Educativos,"129,984.00"
Universidad Autónoma de Chapingo,"Desarrollo de estrategias de visibilidad, optimización de la navegabilidad web y reorganización de la política editorial de la Revista Chapingo Serie Horticultura.",Servicios Educativos,"119,884.00"
Instituto Nacional de Psiquiatría Ramón de la Fuente Muñíz,Proyecto para el posicionamiento y mejora de la calidad de la revista Salud Mental.,"Servicios Profesionales, Cientificos Y Tecnicos","113,708.17"
Instituto de Investigaciones Dr. José María Luis Mora (MORA),"Plan Estratégico de Secuencia. Revista de historia y ciencias sociales para mejorar su posicionamiento nacional e internacional, 2017-2019.","Servicios Profesionales, Cientificos Y Tecnicos","113,442.00"
Instituto de Investigaciones Dr. José María Luis Mora (MORA),Proyecto de Posicionamiento Internacional de la Revista América Latina en la Historia Económica,"Servicios Profesionales, Cientificos Y Tecnicos","99,890.94"
Instituto Nacional de Cardiología Ignacio Chávez,Plan de Desarrollo en la Visibilidad y Posecionamiento Creacion Web Oficial como parte de la Estrategia para Alcanzar la Clasificacion Q2.,Servicios De Salud Y De Asistencia Social,"119,689.24"
"Sociedad Química de México, A.C.",Posicionar el Journal of the Mexican Chemical Society en el cuartil Q2 en la clasificación del JCR y SJR.,"Servicios Profesionales, Cientificos Y Tecnicos","129,950.00"
Universidad Nacional Autónoma de México - Instituto de Investigaciones Filológicas,"Nuevos Retos de Desarrollo y Proyección Internacional de Acta Poética, Revista de Investigación Científica del Área de Humanidades y Ciencias de la Conducta.",Servicios Educativos,"101,341.73"
Sociedad Mexicana de Ingeniería Biomédica,Fortalecimiento de la Revista Mexicana de Ingeniería Biomédica Mediante la Mejora de la Accesibilidad en el Contenido de la Página Web.,Ninguna,"120,000.00"
Instituto Nacional de Salud Pública,Fortalecimiento de Salud Pública de México.,"Servicios Profesionales, Cientificos Y Tecnicos","129,950.00"
El Colegio de la Frontera Norte A.C. (COLEF),"Optimización de la visibilidad, posicionamiento web y consolidación de la política editorial de la revista Frontera Norte",Servicios Educativos,"119,990.00"
"Asociacion Latinoamericana de Control de Calidad Patologia y Recuperacion de la Construccion Internacional, A.C.",Postulación de la Revista ALCONPAT para su indexación en plataformas de base de datos de resúmenes y referencias bibliográficas de literatura científica con impacto internacional,"Servicios Profesionales, Cientificos Y Tecnicos","108,093.77"
Universidad Nacional Autónoma de México - Instituto de Investigaciones Jurídicas,Proyecto para impulsar la visibilidad y el mejor posicionamiento a nivel internacional de la Revista Problema. Anuario de Filosofía y Teoría del Derecho.,Servicios Educativos,"109,905.37"
Universidad Nacional Autónoma de México - Facultad de Medicina Veterinaria y Zootecnia,Veterinaria México OA - 2017,Servicios Educativos,"119,882.13"
Universidad Autónoma de Baja California,Mejoramiento de la accesibilidad e internacionalización de la revista Ciencias Marinas,Servicios Educativos,"127,600.00"
Universidad Nacional Autónoma de México - Instituto de Investigaciones Jurídicas,"Proyecto para impulsar la visibilidad, mejor posicionamiento e impacto del Boletín Mexicano de Derecho Comparado a nivel internacional. Mejora de la calidad, adquisición de requerimientos técnicos editoriales y asesoría experta.",Servicios Educativos,"83,322.80"
Universidad Nacional Autónoma de México - Instituto de Investigaciones Jurídicas,"Proyecto de mejoramiento de calidad, visibilidad e impacto de la revista Cuestiones Constitucionales Revista Mexicana de Derecho Constitucional.",Servicios Educativos,"119,077.40"
Universidad Juárez Autónoma de Tabasco,Mejora de la calidad y visibilidad de la revista Ecosistemas y Recursos Agropecuarios.,Servicios Educativos,"120,000.00"
Universidad Nacional Autónoma de México - Instituto de Investigaciones Jurídicas,Proyecto Para Mejorar El Posicionamiento Internacional De La Mexican Law Review.,Servicios Educativos,"110,000.00"
"Sociedad Mexicana de la Ciencia del Suelo, A.C.","Mejoramiento de la calidad, visibilidad e impacto de la revista Terra Latinoamericana.",Ninguna,"103,977.00"
Universidad Nacional Autónoma de México - Facultad de Contaduría y Administración,Plan de desarrollo revista Contaduría y Administración 2017.,Servicios Educativos,"120,000.00"
Universidad Nacional Autónoma de México - Instituto de Geografía,Proyecto de la revista Investigaciones Geográficas para la Convocatoria 2017 Fondo concursable para el posicionamiento nacional e internacional de revistas de ciencia y tecnología editadas en México.,Servicios Educativos,"120,000.00"
Centro de Investigación y Docencia Económicas A.C. (CIDE),Mejoramiento de políticas editoriales y traducción de interfaces del sitio web oficial de Política y gobierno,"Servicios Profesionales, Cientificos Y Tecnicos","120,000.00"
"Universidad La Salle Bajío, A.C.",Posicionamiento internacional de la Revista Nova Scientia.,Servicios Educativos,"110,000.00"
Universidad Nacional Autónoma de México - Instituto de Geología,Proceso de Aumento Sistemático de la Visibilidad de los Contenidos Históricos del Boletín de la Sociedad Geológica Mexicana.,Servicios Educativos,"128,173.22"
Universidad Nacional Autónoma de México - Instituto de Investigaciones Bibliotecológicas  y de la Información,"Consolidación de la gestión editorial y la visibilidad internacional de la revista Investigación Bibliotecológica. Archivonomía, Bibliotecología e Información.",Servicios Educativos,"119,994.02"
Instituto Nacional de Pediatría,Consolidación de Acta Pediátrica de México como Revista Referente de Difusión Científica y Tecnológica del Campo de la Pediatría en Latino América.,"Servicios Profesionales, Cientificos Y Tecnicos","113,471.00"
Universidad Nacional Autónoma de México - Instituto de Biología,Calidad y visibilidad para la RMB.,Servicios Educativos,"130,000.00"
Universidad Nacional Autónoma de México - Instituto de Investigaciones sobre La Universidad y La Educación,Incremento en el impacto y visibilidad de la Revista Iberoamericana de Educación Superior (RIES).,Servicios Educativos,"120,000.00"
Universidad Nacional Autónoma de México - Instituto de Investigaciones Filológicas,"Visibilidad e impacto internacional de la revista Literatura Mexicana: del papel y el PDF a los formatos electrónicos, XLM, HTML, e-Pub.",Servicios Educativos,"119,948.56"
Universidad de Ciencias y Artes de Chiapas,Incremento de la visibilidad e impacto internacional de la revista LiminaR. Estudios Sociales y Humanísticos. Un proyecto científico desde el sur.,Servicios Educativos,"120,000.00"
American Society for Biochemestry and Molecular Biology,Contrato de Prestacion de Servicios por Acceso en Linea y Acceso Perpetuo al Año Suscrito por las Publicaciones Autorizadas.,No disponible,"369,306.81"
Universidad Nacional Autónoma de México - Facultad de Estudios Superiores Iztacala,Revista Mexicana de Trastornos alimentarios: Un proyecto para su internacionalización.,Servicios Educativos,"91,896.00"
American Society of Civil Engineers,"Licencia no exclusiva revocable y no transferible para tener los derechos de  acceso perpetuo a los articulos, titulos y publicaciones electronicas de la editorial.",No disponible,"351,938.90"
"Turnitin, LLC",Licencia Limitada de las Herramientas para la Verificación de Originalidad y el Flujo de Trabajo por Escrito Pertenecientes al Prestador de Servicios.,No disponible,"6,404,750.99"
"Difusión de Avances de Enfermería, S.L.","Derechos de Acceso a los Articulos, Titulos y Publicaciones Electronicas.",No disponible,"813,812.50"
Ebsco International Inc.,"Derechos de Acceso a los Articulos, Titulos y Publicaciones Electronicas.",No disponible,"51,118,516.76"
E-Technologies Solutions Corp.,"Derechos de Acceso a los Articulos, Titulos y Publicaciones Electronicas.",No disponible,"3,589,712.65"
Universidad Autónoma Metropolitana - Unidad Azcapotzalco,Sociológica. Proyecto para postular al: Fondo Concursable para el Posicionamiento Nacional e Internacional de Revistas de Ciencia y Tecnología Editadas en México.,Servicios Educativos,"109,874.00"
Universidad Nacional Autónoma de México - Facultad de Ciencias Políticas y Sociales,Hacia la Internacionalizacion y Visibilidad de la Revista Mexicana de Ciencias Politicas y Sociales en Medios Digitales.,Servicios Educativos,"120,000.00"
"Consejo Mexicano de Investigación Educativa, A.C.",Plan de mejoramiento de procesos editoriales para la Revista Mexicana de Investigación Educativa.,"Servicios Profesionales, Cientificos Y Tecnicos","128,844.99"
Universidad Nacional Autónoma de México - Facultad de Ingeniería,"Estrategias de posicionamiento de la revista Ingeniería Investigación y Tecnología, en la ciencia de corriente principal: visibilidad, navegabilidad y política editorial.",Servicios Educativos,"120,000.00"
Universidad Nacional Autónoma de México - Facultad de Estudios Superiores Zaragoza,TIP Revista Especializada en Ciencias Químico - Biológicas: Estrategias y líneas de acción para reforzar la competencia internacional.,Servicios Educativos,"119,793.08"
Universidad Nacional Autónoma de México - Centro de Investigaciones sobre América Latina y el Caribe,Consolidación de la política editorial de la revista Latinoamérica. Revista de Estudios Latinoamericanos.,Servicios Educativos,"109,580.00"
Universidad Nacional Autónoma de México - Instituto de Investigaciones sobre La Universidad y La Educación,"Mejoramiento de la legibilidad, accesibilidad y visibilidad internacional de la revista Perfiles Educativos.",Servicios Educativos,"109,298.86"
"Colegio Mexicano de Inmunología Clínica y Alergia, A.C.",Proyecto de mejoras a la plataforma tecnológica y a los procesos de edición digital con el fin de incrementar la visibilidad y las posibilidades de citación a la revista Alergia México.,"Servicios Profesionales, Cientificos Y Tecnicos","118,706.76"
Universidad Nacional Autónoma de México - Centro de Geociencias,Gestión editorial de la Revista Mexicana de Ciencias Geológicas en Open Journal Systems e implementación de DOI.,Servicios Educativos,"60,900.00"
Universidad Michoacana de San Nicolás de Hidalgo,"Implementación de estrategias para aumentar de manera sustentable la calidad, visibilidad e impacto nacional e internacional de Tzintzun. Revista de Estudios Históricos.",Servicios Educativos,"119,720.00"
Universidad Autónoma del Estado de México,Identificación y posicionamiento web de los artículos de Convergencia Revista de Ciencias Sociales,Servicios Educativos,"30,152.26"
Universidad Nacional Autónoma de México - Instituto de Investigaciones Filológicas,"Consolidación de calidad, visibilidad e impacto internacional de la revista Estudios de Cultura Maya.",Servicios Educativos,"130,000.00"
Universidad de Guadalajara,"Espiral, internacionalización, etapa I.",Servicios Educativos,"105,297.58"
Instituto Nacional de Investigaciones Forestales Agrícolas y Pecuarias,Plan de mejoramiento integral de la Revista Mexicana de Ciencias Pecuarias.,AGRICULTURA GANADERIA APROVECHAMIENTO FORESTAL PESCA Y CAZA,"130,000.00"
Universidad Nacional Autónoma de México - Instituto de Investigaciones Jurídicas,Proyecto para la mejora del posicionamiento del Anuario Mexicano de Derecho Internacional a nivel internacional.,Servicios Educativos,"61,246.40"
Instituto Nacional de Investigaciones Forestales Agrícolas y Pecuarias,"Optimización de la visibilidad, mejoramiento de la navegabilidad web y reorganización de la política editorial de la Revista Mexicana de Ciencias Forestales.",AGRICULTURA GANADERIA APROVECHAMIENTO FORESTAL PESCA Y CAZA,"109,015.00"
Universidad de Guadalajara,Mejoramiento de la política editorial y optimización de la visibilidad y navegabilidad web de la revista Comunicación y Sociedad.,Servicios Educativos,"119,628.00"
"Asociación Mexicana de Mastozoología, A.C.",Proyecto de consolidación e incremento de la internacionalidad de la revista THERYA.,"Servicios Profesionales, Cientificos Y Tecnicos","118,708.52"
Universidad de Guanajuato,Mejora de política editorial y de visibilidad web de la revista Valenciana.,Servicios Educativos,"119,560.00"
Instituto Nacional de Investigaciones Forestales Agrícolas y Pecuarias,Plan de mejoramiento editorial y de posicionamiento de la Revista Mexicana de Ciencias Agrícolas.,AGRICULTURA GANADERIA APROVECHAMIENTO FORESTAL PESCA Y CAZA,"120,000.00"
Facultad Latinoamericana de Ciencias Sociales,Mejorar la política editorial de la revista Perfiles Latinoamericanos y optimizar la visibilidad y navegabilidad web.,Servicios Educativos,"119,809.61"
Colegio de Postgraduados,Plan de mejoramiento integral de procesos editoriales de la revista Agrociencia.,"Servicios Profesionales, Cientificos Y Tecnicos","129,652.00"
Centro de Investigación y Docencia Económicas A.C. (CIDE),Plan de mejora a corto plazo de la revista Gestión y Política Pública.,"Servicios Profesionales, Cientificos Y Tecnicos","115,524.00"
Instituto Politécnico Nacional,"Adquisición de competencias técnicas en edición de la Revista Computación y Sistemas, orientada a mejorar la calidad y visibilidad de la revista.",Servicios Educativos,"130,000.00"
Universidad de Guadalajara,"Fortalecimiento y mejora de la calidad, visibilidad e impacto de Apertura, Revista de Innovación Educativa.",Servicios Educativos,"119,621.38"
Universidad Autónoma de Baja California,Mejora del posicionamiento internacional y visibilidad de la REDIE.,Servicios Educativos,"81,260.00"
Instituto de Ciencias Jurídicas de Puebla A.C.,Mejoramiento de procesos editoriales de la revista IUS a partir del ajuste de la política editorial y uso de sistemas electrónicos para la gestión editorial.,No disponible,"109,929.46"
"Sociedad Mexicana de Ingenieria Sismica, A.C.","Estrategias para la mejora de la calidad, visibilidad e impacto de la Revista de Ingeniería Sísmica.",Ninguna,"119,649.00"
Academia Mexicana de Neurología,Revista Mexicana de Neurociencia: Proyecto de mejoras en el impacto y visibilidad.,Servicios Educativos,"117,853.76"
Instituto Mexicano de Tecnología del Agua,Mejora de la legibilidad digital del contenido. Mayor accesibilidad y visibilidad de la revista Tecnología y Ciencias del Agua.,"Servicios Profesionales, Cientificos Y Tecnicos","118,865.88"
Universidad Nacional Autónoma de México - Instituto de Geofísica,Posicionamiento y vigencia de Geofísica Internacional: mejoras editoriales.,Servicios Educativos,"128,760.00"
Academia Nacional de Medicina de México,"Creación de sitio web específico para Gaceta Médica de México, así como implementación de DOI para todos sus manuscritos aprobados.","Servicios Profesionales, Cientificos Y Tecnicos","90,000.00"
Universidad Autónoma del Estado de México,Proyecto de la Revista Papeles de Población en su versión en inglés.,Servicios Educativos,"118,951.08"
Instituto de Ecología A.C. (INECOL),Posicionar y promover el nombre de la revista Scientia Fungorum (ex Revista Mexicana de Micología) en bases de datos internacionales.,"Servicios Profesionales, Cientificos Y Tecnicos","119,780.00"
Instituto de Ecología A.C. (INECOL) - Centro Regional del Bajío,Hacia una posición líder de Acta Botanica Mexicana entre las revistas botánicas latinoamericanas.,"Servicios Profesionales, Cientificos Y Tecnicos","123,160.00"
Instituto de Ecología A.C. (INECOL),Revista Madera y Bosques. Plan de Desarrollo a corto y mediano plazo,"Servicios Profesionales, Cientificos Y Tecnicos","130,000.00"
V2 Services S. de R.L. de C.V.,Acceso a Bases de Datos y Recursos Informáticos.,No disponible,"3,214,551.49"
The Optical Society,"Derechos de acceso a los articulos, titulos y publicaciones electronicas de la editorial.",No disponible,"662,579.16"
Oxford University Press USA,"Derechos de acceso y el derecho perpetuo a los articulos, titulos y publicaciones de la Editorial.",No disponible,"7,016,997.35"
IOP Business Publishing,"Acceso a Bases de Datos y Recursos Informáticos, Derechos de Acceso a los Articulos, Titulos y Publicaciones Electronicas.",No disponible,"12,093,737.77"
El Colegio de México A.C.,Mecanismos de evaluación de CONACYT,"Servicios Profesionales, Cientificos Y Tecnicos","904,800.00"
Cámara Nacional de la Industria de la Cerveza y de la Malta,Fomento a la Investigación 2016 a la Industria de la Cerveza y la Malta.,Ninguna,"278,400.00"
Elsevier B.V.,Acceso a la Colección Freedom y Scopus,No disponible,"390,978,222.75"
Ebsco International Inc.,"Derechos de Acceso y el Derecho Perpetuo a los Articulos, Titulos y Publicaciones Electronicas de la Editorial y Derecho Perpetuo del Contenido Pagado Siempre que las Revistas Sean Publicadas por Mit Press Journals",No disponible,"231,372.30"
The International Society for Optics And Photonics,Acceso a Bases de Datos y Recursos Informáticos,No disponible,"2,504,124.94"
Chemical Abstract Service,Acceso a Bases de Datos y Recursos Informáticos,No disponible,"15,063,243.16"
E-Technologies Solutions Corp.,"Derechos de Acceso a los Articulos, Titulos y Publicaciones Electronicas.",No disponible,"3,433,972.29"
BioOne,"Derechos de Acceso a los Articulos, Titulos y Publicaciones Electronicas.",No disponible,"7,621,664.06"
Universidad Nacional Autónoma de México - Dirección General de Cómputo y de Tecnologías de Información y Comunicación y Dirección General de Bibliotecas,Fase IV del portal del sistema de clasificación de Revistas Mexicanas de ciencia y tecnología del CONACYT.,Servicios Educativos,"13,120,000.00"
Organización para la Cooperación y el Desarrollo Económicos (OCDE),"Derechos de acceso vitalicio e irrovocable a los articulos con licencia, titulos y publicaciones en linea que pertenecen a la OCDE",No disponible,"4,200,298.33"
Ebsco International Inc.,"Derechos de Acceso a los Articulos, Titulos y Publicaciones Electronicas. Contratacion de Dentistry And Oral Sciences Source",No disponible,"621,572.10"
Annual Reviews,"Derechos de Acceso a los Articulos, Titulos y Publicaciones Electronicas.",No disponible,"7,315,998.42"
Dot Lib Information Llc,"Derechos de Acceso y el Derecho Perpetuo a los Articulos, Titulos y Publicaciones Electronicas de la Editorial. S. Karger Ag Medical And Scientific Publisher.",No disponible,"587,742.75"
World Scientific Publishing Pte Ltd,"Derechos de acceso y el derecho perpetuo a los articulos, titulos y publicaciones electronicas de la editorial.",No disponible,"1,147,837.50"
The Royal Society,Acceso en Linea a las Publicaciones Autorizadas.,No disponible,"6,202,395.14"
American Chemical Society,"Derechos de Acceso a los Articulos, Titulos y Publicaciones Electronicas de la ""Editorial""",No disponible,"24,827,634.95"
American Medical Association,"Derechos de Acceso y el Derecho Perpetuo a los Articulos, Titulos y Publicaciones Electronicas de la Editorial.",No disponible,"4,230,716.64"
The Institution of Engineering and Technology,Derechos de acceso y el derecho perpetuo a los libros electronicos autorizados y archivo de revistas cientificas contenidos en la colleccion IET Digital Lybrary.,No disponible,"1,363,161.75"
American Society for Microbiology,"Derechos de Acceso a los Artículos, Títulos y Publicaciones de la Editorial.",No disponible,"1,000,294.15"
The Rockefeller University Press,"Derechos de acceso a los articulos, titulos y publicaciones electronicas de la editorial.",No disponible,"239,386.74"
ASTM International,Contrato de Prestacion de Servicios por Acceso en Linea y Acceso Perpetuo al Año Suscrito por las Publicaciones Autorizadas.,No disponible,"1,818,313.01"
"Infoestratégica latina, S.A. de C.V.",Acceso a Bases de Datos y Recursos Informáticos. Cabi Publishing,No disponible,"3,893,215.44"
"Infoestratégica latina, S.A. de C.V.",Acceso a Bases de Datos y Recursos Informáticos. Up Todate,No disponible,"8,428,618.92"
Centro de Investigación e Innovación en Tecnologías de la Información y Comunicación (INFOTEC),Usos y Aplicaciones del Conocimiento y la Tecnología para Promover la Inclusión Social y el Combate contra la Pobreza en México. Segunda Edición.,"Servicios Profesionales, Cientificos Y Tecnicos","5,700,000.00"
University of Chicago Press,"Acceso Electronico a Publicaciones Autorizadas, University of Chicago Press",No disponible,"2,087,208.40"
Colegio de Postgraduados,Consolidación de COLPOS Digital.,"Servicios Profesionales, Cientificos Y Tecnicos","1,000,000.00"
Cambridge University Press,"Acceso a las Publicaiones Autorizadas contratadas por suscripción anual y el derecho perpetuo a los articulos, titulos y publicaciones electronicas de la editorial.",No disponible,"11,544,378.16"
Universidad Nacional Autónoma de México - Centro de Investigaciones sobre América del Norte,"Creación del Repositorio Institucional del Centro de Investigaciones sobre Américadel Norte (CISAN), UNAM.",Servicios Educativos,"924,264.00"
Universidad de las Americas Puebla,"Repositorio Institucional UDLAP: Un Ambiente Abierto para Construir, Compartir y Visualizar Conocimiento Universitario.",Servicios Educativos,"988,415.00"
Universidad Nacional Autónoma de México - Instituto de Investigaciones sobre La Universidad y La Educación,Creación del Repositorio Institucional del IISUE de la UNAM,Servicios Educativos,"736,750.00"
Universidad Iberoamericana A.C.,Proyecto de Consolidación del Repositorio Institucional de la Universidad Iberoamericana,Servicios Educativos,"487,680.00"
Universidad Politécnica de Puebla,Estrategia de Gestión de Conocimientos para Repositorios Institucionales con Acceso Abierto basada en Representaciones Semánticas y TICS.,Servicios Educativos,"1,000,000.00"
Universidad de Sonora,Proyecto de Creación del Repositorio Institucional de la Universidad de Sonora.,Servicios Educativos,"792,900.00"
"Centros Culturales de México, A.C.",Repositorio Institucional Scripta de la Universidad Panamericana.,Servicios Educativos,"737,259.00"
Universidad Nacional Autónoma de México - Instituto de Investigaciones Bibliotecológicas  y de la Información,Propuesta para la creación del Repositorio Institucional del Instituto de Investigaciones Bibliotecológicas y de la Información de la Universidad Nacional Autónoma de México. (Repositorio IIBI),Servicios Educativos,"340,160.00"
Universidad Autónoma del Estado de México,Consolidación del Repositorio Institucional de la Universidad Autónoma del Estado de México.,Servicios Educativos,"988,000.00"
Centro Internacional de Mejoramiento de Maíz y Trigo,"Repositorio de Publicaciones Multimedia, Datos y Software Científicos del CIMMYT.",Servicios De Salud Y De Asistencia Social,"1,000,000.00"
Universidad Tecnológica del Centro de Veracruz,REINI-UTCV (Repositorio Institucional de Investigación de la Universidad Tecnológica del Centro de Veracruz).,Servicios Educativos,"987,529.00"
Centro de Investigación Científica de Yucatán A.C. (CICY),Modificación del genoma de plantas superiores usando CRISPR/Cas9 para estudiar la diferenciación celular.,"Servicios Profesionales, Cientificos Y Tecnicos","3,650,000.00"
Centro de Investigación en Química Aplicada (CIQA),"Nano-catalizadores basados en Aluminoxano- Síntesis, Caracterización y Aplicaciones en la Polimerización por Catálisis",Ninguna,"1,705,000.00"
Instituto Potosino de Investigación Científica y Tecnológica A.C. (IPYCIT),Identificación y validación de la función de moléculas efectoras de naturaleza proteica y nucleotídica de microorganismos benéficos y plantas para establecer una relación benéfica,Servicios Educativos,"3,559,000.00"
Universidad Autónoma de Tlaxcala,"Biodegradación de plastificantes empleando hongos: purificación, caracterización, y mecanismos cuánticos de la catálisis de las enzimas cutinasas.",Servicios Educativos,"2,969,274.00"
Centro de Investigación y de Estudios Avanzados del Instituto Politécnico Nacional - Unidad Irapuato,Integrando ómicas para obtener conocimiento de frontera: El fruto como modelo de desarrollo de redes funcionales durante el proceso de domesticación.,Servicios Educativos,"3,614,200.00"
Centro de Investigación Científica de Yucatán A.C. (CICY),Estudio funcional de la fibrilarina en la progresión viral en plantas.,"Servicios Profesionales, Cientificos Y Tecnicos","2,978,565.00"
Centro de Investigación y de Estudios Avanzados del Instituto Politécnico Nacional,"Sistema de comunicación eléctrica silente entre sinapsis químicas en el sistema nervioso central: activación, desactivación, interacción y función.",Servicios Educativos,"2,968,000.00"
Instituto Nacional de Astrofísica Óptica y Electrónica (INAOE),"Investigación y desarrollo de una Plataforma de integración Fotónica en Silicio: Materiales Nanoestructurados, Elementos Activos y Pasivos y circuitos CMOS .",Servicios Educativos,"3,795,000.00"
Centro de Investigación en Alimentación y Desarrollo A.C. (CIAD),Condiciones sociales y laborales y su efecto en los patrones de alimentación y riesgo cardiometabólico en mujeres de origen mexicano residentes en dos localidades urbanas de la frontera México-Estados Unidos,"Servicios Profesionales, Cientificos Y Tecnicos","1,920,868.00"
Universidad de Guanajuato,Neurociencia Computacional: de la teoría al desarrollo de sistemas neuromórficos.,Servicios Educativos,"2,550,000.00"
Instituto Nacional de Medicina Genómica,"Descifrando el oncogenoma de la recaída y muerte temprana y el establecimiento de nuevos paradigmas en la farmacogenómica de la leucemia linfoblástica aguda de edad pediátrica.	INSTITUTO NACIONAL DE","Servicios Profesionales, Cientificos Y Tecnicos","2,803,000.00"
Centro de Investigación Científica y de Educación Superior de Ensenada B.C. (CICESE),Interfaces cerebrales en autismo,Servicios Educativos,"947,800.00"
Instituto Nacional de Astrofísica Óptica y Electrónica (INAOE),Fuerza de atracción textual: hacia un nuevo paradigma de clasificación de documentos.,Servicios Educativos,"1,211,006.00"
Universidad Autónoma de Ciudad Juárez,"Modelado del estrés laboral, obesidad ymolestias musculoesqueléticas para generar estrategias de Desarrollo Humano y Organizacional",Servicios Educativos,"930,000.00"
Benemérita Universidad Autónoma de Puebla,Gradientes de deformación para controlar dominios en materiales ferromagnéticos y ferroeléctricos.,Servicios Educativos,"3,998,600.00"
Centro de Investigación y de Estudios Avanzados del Instituto Politécnico Nacional - Unidad de Genómica Avanzada,Aprovechando la biodiversidad de drosophilas endemicas de mexico para descubrir nuevos genes involucrados en enfermedades metabolicas.,Servicios Educativos,"2,968,000.00"
Instituto Nacional de Medicina Genómica,"Neurociencias de sistemas en el estudio del control del balance energético a través de los distintos relojes hipotalámicos: Integración de respuestas neuronales, fisiológicas y metabólicas.","Servicios Profesionales, Cientificos Y Tecnicos","2,947,264.00"
Centro de Investigación y de Estudios Avanzados del Instituto Politécnico Nacional,Ampliando fronteras en la fisiopatología y la terapéutica molecular del dolor neuropático.,Servicios Educativos,"3,460,000.00"
Universidad de Guanajuato,Construcción de un acelerador de electrones de 5 MeV para aplicaciones industriales y de Investigación.,Servicios Educativos,"4,000,000.00"
Universidad Autónoma Agraria Antonio Narro,"Consolidación del Repositorio Institucional CID-UAAAN, para la difusión Científica y Tecnológica, en el Marco de la Mejora Continua de Repositorios de Acceso Abierto.",Servicios Educativos,"1,000,000.00"
Universidad de Quintana Roo,Creación del Repositorio Digital de Acceso Abierto de la Universidad de Quintana Roo.,Servicios Educativos,"434,120.00"
Universidad Autónoma Metropolitana - Unidad Lerma,"Construcción del Repositorio Institucional de la Universidad Autónoma Metropolitana, Unidad Lerma",Servicios Educativos,"999,998.00"
Universidad Nacional Autónoma de México - Centro de Ciencias Genómicas,Causas genómicas del desequilibrio en PSA -proporción de sexos en adultos- en tetrápodos,Servicios Educativos,"3,000,003.00"
Universidad Nacional Autónoma de México - Instituto de Biotecnología,Hacia el relajamiento de las restricciones de linaje de células posmitóticas del sistema nervioso central.,Servicios Educativos,"3,384,000.00"
Universidad Nacional Autónoma de México - Instituto de Investigaciones en Materiales,"Captura de CO2, CO, SO2 y NO2 en MOFs así como su Aplicación en Transformaciones Catalíticas de CO2 en Carbonatos Orgánicos",Servicios Educativos,"3,118,944.00"
Universidad Nacional Autónoma de México - Instituto de Investigaciones Biomédicas,Un enfoque desde la optogenética y quimio genética para investigar los mecanismos que desencadenan el desarrollo de enfermedades metabólicas.,Servicios Educativos,"2,770,000.00"
Universidad Nacional Autónoma de México - Instituto de Investigaciones Estéticas,El Universo de los Guerreros: consagración y profanación de los espacios rituales El Tajín (ca.850-1150 d.C.).,Servicios Educativos,"3,700,000.00"
Instituto Nacional de Astrofísica Óptica y Electrónica (INAOE),Censos panorámicos profundos del cielo a 1.1/1.4/2.1mm con la nueva cámara polarimétrica TolTEC,Servicios Educativos,"3,150,000.00"
Universidad Nacional Autónoma de México - Instituto de Biología,Procesos macroevolutivos de diversificación en cinco clados vegetales hiperdiversos,Servicios Educativos,"3,646,375.00"
Universidad Nacional Autónoma de México - Instituto de Matemáticas,"Intercambiabilidad, divisibilidad infinita, cambios de tiempo y estructuras combinatorias de gran tamaño.",Servicios Educativos,"1,414,346.00"
Universidad Nacional Autónoma de México - Centro de Ciencias Aplicadas y Desarrollo Tecnológico,Modulación de interacciones molécula/substrato en dispositivos nanoestructurados.,Servicios Educativos,"3,485,000.00"
Universidad Nacional Autónoma de México - Instituto de Ingeniería,Extracción léxica multilingüe para lenguas de escasos recursos y su aplicación a las lenguas mexicanas,Servicios Educativos,"2,472,289.00"
Universidad Nacional Autónoma de México - Instituto de Biotecnología,La respuesta antiviral es responsable de la microcefalia inducida por el virus del zika: la función de los factores reguladores del interferón en la inhibición de la diferenciación neuronal.,Servicios Educativos,"3,075,000.00"
Universidad Autónoma de San Luis Potosí,Transporte electrónico en hilos cuánticos bifurcados.,Servicios Educativos,"3,434,000.00"
Universidad Autónoma de San Luis Potosí,Dispositivos y sistemas de fibra óptica basados en microfibras: Aplicaciones en la región espectral de 2 micras.,Servicios Educativos,"4,000,000.00"
Instituto Tecnológico y de Estudios Superiores de Monterrey - Campus Monterrey,Cáncer en un chip: Medicina personalizada del cáncer y evaluación de fármacos anti-cáncer en micro-dispositivos continuos,"Servicios Profesionales, Cientificos Y Tecnicos","2,316,662.00"
Instituto Tecnológico y de Estudios Superiores de Monterrey - Campus Monterrey,Aumento de la visibilidad del Ritec mejorando la experiencia del usuario y su Interoperabilidad con el Repositorio Nacional.,"Servicios Profesionales, Cientificos Y Tecnicos","950,000.00"
Wiley Subscription Services Inc.,"Derechos de acceso a los articulos, titulos y publicaciones electronicas de la Editorial.",No disponible,"65,488,690.98"
Ebsco International Inc.,"Derechos de Acceso a los Articulos, Titulos y Publicaciones Electronicas. Ebsco International Inc Representante Exclusivo de la Editorial Sage",No disponible,"5,254,822.54"
"Taylor and Francis Group, LLC.",Acceso a la Colección de Hournals de Taylor & Francis Group,No disponible,"1,383,751.54"
Ovid Technologies,"Derechos de acceso a los articulos, titulos y publicaciones de la editorial.",No disponible,"33,270,580.59"
Universidad Nacional Autónoma de México - Instituto de Neurobiología,Evaluación no invasiva de la micro-estructura del tejido nervioso mediante resonancia magnética.,Servicios Educativos,"2,447,000.00"
Universidad Autónoma Metropolitana - Unidad Iztapalapa,Antioxidantes Multifuncionales: del Diseño Computacional a la Aplicación Práctica.,Servicios Educativos,"3,873,240.00"
Universidad Autónoma de San Luis Potosí,Interacciones entre canales iónicos y lípidos en la membrana plasmática.,Servicios Educativos,"3,300,000.00"
Universidad Nacional Autónoma de México - Instituto de Fisiología Celular,Optogenética: visualización y evaluación de los subcircuitos del control motor in vivo.,Servicios Educativos,"3,850,000.00"
Universidad Nacional Autónoma de México - Instituto de Ciencias Nucleares,Biomarcadores de salud y enfermedad a través del análisis de series de tiempo fisiológicas.,Servicios Educativos,"2,807,400.00"
Instituto Nacional de Salud Pública,"Interacciones biológicas, moleculares y genéticas participantes en la integración funcional de Triatoma pallidipennis y su microbiota intestinal.","Servicios Profesionales, Cientificos Y Tecnicos","2,733,606.00"
Universidad Autónoma de Nuevo León,Diseño de Agentes Terapéuticos Sintético-Vivos y Dinámicos Mediante Procesos Sostenibles para Combatir Bacterias Multiresistentes.,Servicios Educativos,"3,500,000.00"
Universidad Nacional Autónoma de México - Instituto de Ciencias Nucleares,"Generación, manipulación y aprovechamiento de luz no clásica mediante técnicas avanzadas de fibra óptica.",Servicios Educativos,"4,000,000.00"
Universidad Nacional Autónoma de México - Instituto de Neurobiología,Disección del sistema canabinérgico: efectos sobre la dinámica neuronal de los ganglios basales durante la enfermedad de Párkinson y sus implicaciones terapéuticas.,Servicios Educativos,"3,528,580.00"
Instituto Nacional de Estadística Geografía e Informática,Encuesta sobre la Percepción Pública de la Ciencia y la Tecnología en México (ENPECYT) 2017,No disponible,"9,750,689.40"
Instituto Nacional de Estadística Geografía e Informática,Encuesta sobre Investigación y Desarrollo Tecnológico (ESIDET) 2017,No disponible,"47,676,000.00"
El Colegio de México A.C.,Programa de Becas.,Servicios Educativos,"3,000,000.00"
Instituto Nacional de Ciencias Médicas y Nutrición Salvador Zubiran,Determinantes Moleculares del Fenotipo y Función de Células T Reguladoras Periférica.,Servicios De Salud Y De Asistencia Social,"3,194,000.00"
Universidad Autónoma de Nuevo León,Nuevos Conceptos de Equilibrio Para Oligopolio Mixto.,Servicios Educativos,"1,449,500.00"
Instituto Politécnico Nacional,"Descifrando los mecanismos de antagonismo que emplea la bacteria Bacillus cereus sensu lato cepa B5 para inhibir el crecimiento del hongo fitopatógeno Fusarium verticillioides causante de pudriciones de raíz, tallo y mazorca en maíz",Servicios Educativos,"3,302,389.00"
Instituto Nacional de Electricidad y Energías Limpias,"Repositorio Institucional de Acceso Abierto de Información Científica, Tecnológica y de Innovación del INEEL.","Servicios Profesionales, Cientificos Y Tecnicos","975,200.00"
Instituto Politécnico Nacional,"Repositorio de Acceso Abierto a la Información Científica, Tecnológica y de Innovación del Centro de Biotecnología Genómica del IPN: Doctorado en Ciencias en Biotecnología en Red del IPN",Servicios Educativos,"800,080.00"
Universidad Autónoma Metropolitana - Unidad Cuajimalpa,Propuesta para la Creación de un Repositorio Institucional en la UAM Unidad Cuajimalpa,Servicios Educativos,"830,000.00"
Instituto Politécnico Nacional,"Creación del Repositorio de Acceso Abierto Institucional UPIICSA-IPN para la Preservación y Divulgación de Productos y Materiales Educativos, de Investigación y Desarrollo Tecnológico.",Servicios Educativos,"759,074.00"
Universidad Nacional Autónoma de México - Instituto de Geofísica,Repositorio de Recursos Geotérmicos para México.,Servicios Educativos,"505,000.00"
Universidad Nacional Autónoma de México - Instituto de Química,"Repositorio de Química: Estructura Química, Reactividad, Síntesis, Actividad Biológica y Biodiversidad.",Servicios Educativos,"997,892.00"
Universidad de Guadalajara,Gestión del conocimiento en el sector público.,Servicios Educativos,"1,121,000.00"
Instituto Tecnológico de Morelia,Investigación de la Utilidad de Tomografía de Impedancia Eléctrica Cuantitativa para Medición y Modelado de Dispersión de Medicamentos Quimioterapéuticos en Tejido Mamario.,Servicios Educativos,"3,868,492.00"
Universidad Nacional Autónoma de México - Instituto de Energías Renovables,Mejoramiento de la estabilidad de celdas solares de perovskita híbrida mediante la modificación química de la capa activa y el uso de semiconductores inorgánicos en las capas transportadoras de carga.,Servicios Educativos,"3,334,000.00"
Universidad Nacional Autónoma de México - Centro de Ciencias de la Atmósfera,Impacto del Aerosol Marino y de la Quema de Biomasa en la Formación de Nubes Frías y en los Patrones de Precipitación.,Servicios Educativos,"2,612,000.00"
Universidad Nacional Autónoma de México - Instituto de Investigaciones Sociales,Jóvenes de identidades diversas en dinámicas metropolitanas.,Servicios Educativos,"2,162,000.00"
Emerald Publishing Group Ltd,"Derechos de Acceso y el Derecho Perpetuo a los Articulos, Titulos y Publicaciones Electronicas de la Editorial.",No disponible,"14,163,748.14"
Nature Publishing Group,"Derechos de Acceso a los Artículos, Títulos y Publicaciones Electrónicas de la ""Editorial"".",No disponible,"16,798,853.64"
"Springer Customer Service Center, LLC",Acceso a la Colección de Libros Electrónicos de SPRINGER,No disponible,"75,992,931.37"
American Physiological Society,"Derechos de Acceso y el Derecho Perpetuo a los Articulos, Titulos y Publicaciones Electronicas de la Editorial.",No disponible,"363,483.94"
Association for Computing Machinery,"Derechos de Acceso a los Articulos, Titulos y Publicaciones Electronicas.",No disponible,"4,174,176.35"
Walter de Gruyter Inc,"Derechos de acceso y el derecho perpetuo a los articulos, titulos y publicaciones de la editorial.",No disponible,"674,601.57"
"3DVisioMedicaVirtual, S.L.","Derechos de acceso a los artículos, títulos y publicaciones electrónicas de la Editorial.",No disponible,"1,251,401.32"
American Mathematical Society,"Derechos de acceso a los artículos, títulos y publicaciones electrónicas de la Editorial.",No disponible,"2,734,976.70"
"Global Comunications Systems, S.A. de C.V.","Derechos de acceso a los artículos, títulos y publicaciones electrónicas de la Editorial. Colleccion de Proquest Dissertatión",No disponible,"7,016,086.93"
"Cengage Learning Editores, S.A. de C.V.","Derechos de Acceso a los Articulos, Titulos y Publicaciones Electronicas.",No disponible,"14,680,103.59"
The Royal Society of Chemistry,"Derechos de Acceso a los Articulos, Titulos y Publicaciones Electronicas.",No disponible,"11,083,260.06"
Ebsco International Inc.,"Derechos de Acceso a los Articulos, Titulos y Publicaciones Electronicas. E-Libro Corporation",No disponible,"1,038,673.68"
"Springer Customer Service Center, LLC","Derechos de Acceso a los Articulos, Titulos y Publicaciones Electronicas.",No disponible,"32,400,355.79"
Ebsco International Inc.,"Derechos de Acceso a los Articulos, Titulos y Publicaciones Electronicas. Modern Languaje Association of America",No disponible,"272,148.80"
"Taylor and Francis Group, LLC.","Derechos de acceso a los articulos, titulos y publicaciones electronicas de la editorial. Maney Publishing",No disponible,"299,803.03"
Thieme Publishers Inc.,"Derechos de acceso y el derecho perpetuo a los articulos, titulos y publicaciones electronicas de la editorial.",No disponible,"263,434.34"
Ebsco International Inc.,"Derechos de acceso a los articulos, titulos y publicaciones electronicas de la editorial. Art Source",No disponible,"65,800.00"
Ebsco International Inc.,"Derechos de acceso a los articulos, titulos y publicaciones electronicas de la editorial. American Ecinomic Association",No disponible,"395,731.65"
American Institute of Physics,"Derechos de acceso a los articulos, titulos y publicaciones electronicas de la editorial. American Ecinomic Association",No disponible,"7,138,864.81"
Ebsco International Inc.,"Derechos de acceso a los articulos, titulos y publicaciones electronicas de la editorial. Vidal Vademecum Spaint, S.A.",No disponible,"2,489,295.00"
Ebsco International Inc.,"Derechos de acceso a los articulos, titulos y publicaciones electronicas de la editorial. Ebscohost y Ebook Academic.",No disponible,"45,604,919.49"
Encyclopaedia Britannica,"Derechos de acceso a los articulos, titulos y publicaciones electronicas de la editorial.",No disponible,"897,076.56"
"Taylor and Francis Group, LLC.","Derechos de acceso a los articulos, titulos y publicaciones electronicas de la editorial.",No disponible,"17,175,277.69"
Massachusetts Medical Society,"Derechos de acceso continuo a articulos, titulos y publicaciones electronicas de la editorial.",No disponible,"1,103,697.11"
Universidad Autónoma de Querétaro,MEJORA Y ADECUACIÓN DEL REPOSITORIO INSTITUCIONAL DE LA UNIVERSIDAD AUTÓNOMA DE QUERÉTARO,Servicios Educativos,"1,000,000.00"
Universidad Nacional Autónoma de México - Dirección General de Divulgación de la Ciencia,AMEYALLI - REPOSITORIO UNIVERSITARIO ESPECIALIZADO EN COMUNICACIÓN PÚBLICA DE LA CIENCIA,Servicios Educativos,"817,222.00"
Universidad Nacional Autónoma de México - Instituto de Ciencias del Mar y Limnología,"AMPLIACIÓN DE LAS CAPACIDADES Y ACERVO DE LA UNIDAD DE INFORMÁTICA MARINA DEL INSTITUTO DE CIENCIAS DEL MAR Y LIMNOLOGÍA, UNAM",Servicios Educativos,"993,644.00"
Universidad de Guadalajara,PROYECTO DE CONSOLIDACIÓN DEL REPOSITORIO INSTITUCIONAL DE RECURSOS DE INFORMACIÓN ACADÉMICA DE LA UNIVERSIDAD DE GUADALAJARA (RIUDEG),Servicios Educativos,"849,020.00"
Universidad Autónoma Metropolitana - Unidad Iztapalapa,PROPUESTA PARA LA CREACIÓN DEL REPOSITORIO INSTITUCIONAL DE LA UAM IZTAPALAPA,Servicios Educativos,"999,999.00"
Instituto Politécnico Nacional,INTEROPERABILIDAD DEL REPOSITORIO INSTITUCIONAL DEL IPN PARA AMBIENTES MULTIPLATAFORMA BASADO EN DSPACE Y HERRAMIENTAS DE PROCESAMIENTO E INDEXACION ESTANDARIZADAS.,Servicios Educativos,"590,000.00"
Premio México de Ciencia y Tecnología,Premio México de Ciencia y Tecnología,No disponible,"762,666.00"
Centro de Investigación y de Estudios Avanzados del Instituto Politécnico Nacional,Redes inalámbricas de sensores para monitorear la calidad del agua en tiempo real,Servicios Educativos,"521,064.00"
Universidad Autónoma Metropolitana / Unidad Iztapala,Producción de disolventes a partir de CO2 para uso en procesos de fermentación,Servicios Educativos,"1,000,000.00"
"Instituto de Ecología, AC",Humedales valiosos: mapeo de servicios ecosistémicos de humedales y regulación climática,Servicios Profesionales Científicos y Técnicos,"933,000.00"
"Centro de Investigación en Materiales Avanzados, SC",Enfoque integrador para el desarrollo de absorbentes basados en nanocelulosa derivados de fuentes naturales sostenibles para el tratamiento optimizado de aguas residuales industriales,Servicios Profesionales Científicos y Técnicos,"910,785.00"
"Centro de Investigación y Desarrollo Tecnológico en Electroquímica, SC",Conformación de Nodo Binacional en Manufactura Avanzada y Procesos,Servicios Profesionales Científicos y Técnicos,"6,925,728.00"
Centro de Investigación y de Estudios Avanzados del Instituto Politécnico Nacional / Unidad Irapuato,Conformación del Nodo Binacional de Innovación del Bajío - NoBI Bajío,Servicios Educativos,"7,000,000.00"
Universidad Nacional Autónoma de México / Coordinación de Investigación Científica,Nodo Binacional de Innovación Universitaria,Servicios Educativos,"4,996,594.00"
Industrias Nutrigrains SAPI de CV,Valorización de subproductos industriales para obtener ingredientes saludables a través de tecnologías novedosas,"Industria Manufacturera, Elaboración de otros alimentos","6,772,229.00"
Universidad de Texas en San Antonio (UTSA) ,ConTex para el Intercambio de Investigadores ,No disponible,"11,000,000.00"
Universidad de Texas en San Antonio (UTSA) ,Programa de Investigación Colaborativa ,No disponible,"11,000,000.00"
Universidad Michoacana de San Nicolás Hidalgo,Desarrollo tecnológico de suplementos nutricionales a través de un proceso innovador de obtención de péptidos y lípidos funcionales de subproductos acuícolas,Servicios Educativos,"969,900.00"
Instituto Nacional de Electricidad y Energías Limpias,Optimización de Pequeñas Turbinas Eólicas y su Promoción en el Mercado (Small Wind Turbines Optimization and Market Promotion),Servicios Profesionales Científicos y Técnicos,"2,047,500.00"
Centro de Investigación y de Estudios Avanzados del Instituto Politécnico Nacional / Unidad Tamaulipas,Enabling REsilent urban TRAnsportation systems in smart Cities,Servicios Educativos,"959,040.00"
Universidad de Arizona,Consorcio Binacional para el Desarrollo Científico Regional y la Innovación correspondiente al año 2016,No disponible,"7,700,000.00"
Instituto Tecnológico y de Estudios Superiores de Monterrey / Campus Monterrey,Nodo I-Corps Innovación Tecnológica Multisectorial,Servicios Educativos,"7,000,000.00"
"Centro de Investigación en Materiales Avanzados, SC",Creación del Nodo Binacional de Innovación Región Norte (NoBI-Región Norte),Servicios Profesionales Científicos y Técnicos,"6,997,840.00"
Instituto Tecnológico y de Estudios Superiores de Monterrey / Campus Estado de México,"FI-NEXT, Bringing FIWARE to the Next Step (274451)",Servicios Educativos,"14,472,067.42"
Universidad Nacional Autónoma de México / Coordinación de Investigación Científica / Instituto de Matemáticas,Improved orthology assignments for functional and evolutionary genomics,Servicios Educativos,"900,000.00"
Universidad Nacional Autónoma de México / Coordinación de Investigación Científica / Instituto de Astronomía,Estudio de emisión de Blazares a muy altas energías,Servicios Educativos,"788,000.00"
Universidad Nacional Autónoma de México / Coordinación de Investigación Científica / Instituto de Quimica,Rutas de Acción de Compuestos Organometálicos Anticancerígenos Basados en Rutenio y Osmio,Servicios Educativos,"576,000.00"
Universidad Nacional Autónoma de México / Coordinación de Investigación Científica / Instituto de Investigaciones en Matemáticas Aplicadas y en Sistemas,Extracción de información semántica de la web para la detección de movilidad profesional en las diásporas del conocimiento,Servicios Educativos,"576,000.00"
Universidad Nacional Autónoma de México / Coordinación de Investigación Científica / Instituto de Biología,Estudio y Caracterización de poblaciones troglobias de Astyanax en la naturaleza,Servicios Educativos,"576,000.00"
Universidad Nacional Autónoma de México / Coordinación de Investigación Científica / Instituto de Fisiología Celular,Hacia la cristalización de una ATP Sintasa Mitocondrial Dimérica: efectos de un detergente de nueva generación derivado del Lauril-Maltósido,Servicios Educativos,"576,000.00"
Universidad Nacional Autónoma de México / Coordinación de Investigación Científica / Instituto de Geofísica,Análisis del colapso parcial de una Isla en el mar de Bismark y su analogía en el Archipiélago de Revillagigedo,Servicios Educativos,"500,800.00"
Universidad Nacional Autónoma de México / Coordinación de Investigación Científica / Instituto de Ecología,Detección de adaptaciones al clima en árboles forestales utilizando herramientas genómicas,Servicios Educativos,"240,000.00"
Universidad Nacional Autónoma de México / Coordinación de Investigación Científica / Instituto de Ingeniería,Ampliación del corpus multiétnico de conversaciones con personas de edad avanzada,Servicios Educativos,"179,200.00"
Universidad Autónoma de Nuevo León,Use of solar energy for the generation of alternative fuels,Servicios Educativos,"600,000.00"
Universidad Nacional Autónoma de México / Coordinación de Investigación Científica / Facultad de Medicina,Remodelación del tejido adiposo después de cirugía bariátrica,Servicios Educativos,"600,000.00"
Universidad Nacional Autónoma de México / Coordinación de Investigación Científica / Instituto de Geografía,Enhancing regional water security in semi-arid regions through improved metropolitan design,Servicios Educativos,"443,400.00"
Instituto Politécnico Nacional,Phytomedical Compounds for Diabetes and Diabetes-Related Complications (DRC)  PHYDIMED,Servicios Educativos,"563,250.00"
Instituto Tecnológico y de Estudios Superiores de Monterrey / Campus Monterrey,Gender Issues in STEM Education,Servicios Educativos,"563,250.00"
Universidad Nacional Autónoma de México / Coordinación de Investigación Científica / Facultad de Medicina,Mitigating Emerging Infection Challenges for Public Security and Justice,Servicios Educativos,"507,000.00"
Universidad Nacional Autónoma de México / Coordinación de Investigación Científica / Instituto de Investigaciones Jurídicas,Intellectual Property for social enterprising. Solving social problems through University innovation,Servicios Educativos,"456,600.00"
"Centro Mario Molina para Estudios Estratégicos sobre Energía y Medio Ambiente, AC ",Improving Assessment of Air Pollution in Mexican Cities,No disponible,"300,000.00"
Universidad de Guanajuato,Biotechnology and glycobiology tools for human health,Servicios Educativos,"349,500.00"
Instituto Tecnológico Superior de Felipe Carrillo Puerto,Present status and horizon scanning of sustainable aquatic resource development in Mexico,Servicios Educativos,"366,600.00"
Universidad Nacional Autónoma de México / Coordinación de Investigación Científica / Facultad de Medicina Veterinaria y Zootecnia,"The potential of genomics on animal production and health research to promote food security, reduce food poverty and mitigate the environmental impact",Servicios Educativos,"563,250.00"
Universidad Nacional Autónoma de México / Coordinación de Investigación Científica / Facultad de Medicina,"Desarrollo de un método de amplificación multiplex (MPA) de alta tecnología para el diagnóstico rápido, sensible y específico de Candidosis Invasiva, en colaboración Reino Unido-México",Servicios Educativos,"999,000.00"
Tecnológico Nacional de México / Instituto Tecnológico de Morelia,Agricultural Application of Electrical Impedance Tomography (EIT) and Internet of Things (IoT) for Optimisation of Irrigation Water Resources,Servicios Educativos,"998,550.00"
"Centro de Investigación Científica de Yucatán, AC","Desarrollo de materiales sustentables, ligeros y energéticamente eficientes para aplicaciones estructurales multifuncionales",Servicios Profesionales Científicos y Técnicos,"998,000.00"
Instituto Tecnológico y de Estudios Superiores de Monterrey / Campus Monterrey,Development of intervertebral implants assisted by robotic bone cutting (DIROBONE),Servicios Educativos,"999,600.00"
Universidad Nacional Autónoma de México / Coordinación de Investigación Científica / Facultad de Medicina Veterinaria y Zootecnia,Caracterización de la respuesta inmune de bovinos Cebú y Holstein-Friesian en un modelo de vacunación contra tuberculosis bovina y su asociación con la resistencia natural a Mycobacterium bovis,Servicios Educativos,"1,000,000.00"
Instituto Politécnico Nacional,Control automático para la optimización del régimen de ozonación aplicado en el tratamiento de suelos y acuíferos contaminados,Servicios Educativos,"880,000.00"
Universidad Michoacana de San Nicolás Hidalgo,"Evaluación, análisis y mitigación de fenómenos adversos de calidad de la energía en sistemas eléctricos con integración de fuentes renovables de energía",Servicios Educativos,"2,000,000.00"
Universidad Nacional Autónoma de México / Coordinación de Investigación Científica / Instituto de Ingeniería,Novedoso sistema a escala piloto para el tratamiento agua residual/lixiviado y la captura de dióxido de carbono utilizando microalgas y ozoflotación (ATZILI),Servicios Educativos,"1,000,000.00"
Colegio de Postgraduados,Impacto del Cambio Climático en la Adaptación y Plasticidad Fenotípica del Crecimiento en Árboles Forestales,Agricultura Ganaderia Aprovechamiento Forestal Pesca y Caza,"576,000.00"
Universidad Autónoma de San Luis Potosí,Complejidad Relativa en Sistemas Dinámicos en Red y algunas Aplicaciones,Servicios Educativos,"576,000.00"
Universidad Autónoma del Estado de Hidalgo,Síntesis de Nano-Catalizadores para la Obtención de Biocombustibles a partir de la Hidroconversión Catalítica de Aceite Vegetal Gastado,Servicios Educativos,"576,000.00"
Centro de Investigación y de Estudios Avanzados del Instituto Politécnico Nacional,Mecanismos Celulares y Moleculares de las Funciones Cerebrales en las que Intervienen las Isoformas Cortas de la Distrofina,Servicios Educativos,"576,000.00"
Universidad Nacional Autónoma de México / Coordinación de Investigación Científica / Facultad de Ciencias,Nuevas Tecnologías para la Fabricación de Micro-Ambientes Celulares Biomiméticos,Servicios Educativos,"576,000.00"
Centro de Investigaciones y Estudios Superiores en Antropología Social,"Justicia y Sociedad en México, siglos XVIII a XXI",Servicios Profesionales Científicos y Técnicos,"576,000.00"
"Centro de Investigación Científica de Yucatán, AC","Valoración de los Recursos Vegetales, Naturales y Renovables de la Península de Yucatán",Servicios Profesionales Científicos y Técnicos,"576,000.00"
Universidad Autónoma del Estado de Morelos ,Catalizadores Híbridos Obtenidos por Trasplante Denso y Orientado de Enzimas en la Superficie de Materiales,Servicios Educativos,"576,000.00"
"Centro de Investigaciones en Óptica, AC",Cromóforos Carbomeros para la Absorción de dos Fotones,Servicios Profesionales Científicos y Técnicos,"576,000.00"
Casa Universitaria Franco Mexicana,6° Simposio Becarios CONACYT en Europa 2017,No disponible,"1,150,000.00"
Durham University Mexican Society (DUMexSoc),XV Simposio de Estudios y Estudiantes Mexicanos en el Reino Unido,No disponible,"150,000.00"
Universidad Nacional Autónoma de México / Coordinación de Investigación Científica,Oceanic Exchanges: Tracing Global Information Networks in Historical Newspaper Repositories,Servicios Educativos,"2,730,000.00"
Instituto Nacional de Antropología e Historia,Explorando el México Colonial Temprano: Análisis computacional a gran escala de fuentes históricas del siglo XVI,Actividades del Gobierno y de Organismos Internacionales y Extraterritoriales,"3,274,000.00"
International Institute for Applied Systems Analysis ,Estancias posdoctorales,No disponible,"3,750,000.00"
Guillermo Jesús Larios Hernández,Convocatoria para instructores de Nodos Binacionales de Innovación,No disponible,"167,000.00"
Rosa Patricia Rubio Solorio,Propuesta para ser instructor del NoBI,No disponible,"167,000.00"
Luis Alfonso Quero Rodríguez,Propuesta para participar en la Convocatoria para Formación de Instructores de la curricula I-Corps reconocidos por CONACYT y la NSF,No disponible,"167,000.00"
Marcus Dantus Mochan,Marcus Dantus Mochan,No disponible,"167,000.00"
Banff International Research Station,Actividades científicas correspondientes al año 2017 ,No disponible,"850,000.00"
European Organization for Nuclear Research (CERN),Actividades del experimento CMS correspondientes al año 2017,No disponible,"3,288,076.00"
"El Colegio de México, AC","El Colegio Internacional de Graduados: Entre Espacios. Movimientos, Actores y Representaciones de la Globalización",Servicios Educativos,"701,000.00"
Asociación Nacional de Universidades e Instituciones de Educación Superior de la República Mexicana AC (ANUIES)  ,Participación y organización del pabellón México en la feria NAFSA 2017,Servicios Educativos,"300,000.00"
"Centro de Investigación en Química Aplicada, AC",Manufactura Avanzada de Caucho en Solución Mediante un Proceso en Continuo,"Industria Manufacturera de Madera, Papel, Derivados del Petróleo e Industria Química","3,035,646.00"
European Organization for Nuclear Research (CERN),Contribución de México para el desarrollo de las actividades del experimento ALICE correspondientes al año 2017,No disponible,"3,390,574.00"
European Organization for Nuclear Research (CERN),Contribución de México para el desarrollo de las actividades del proyecto BEAM correspondiente al año 2017 ,No disponible,"1,980,000.00"
European Organization for Nuclear Research (CERN),Contribución de México para el desarrollo de las actividades del experimento NA62 correspondientes al año 2017,No disponible,"220,000.00"
European Organization for Nuclear Research (CERN),Aportación anual de México para el desarrollo de las actividades del experimento AMS-02 correspondiente al año 2017,No disponible,"132,628.54"
Jonathan Arriaga González,Jonathan Arriaga González,Becario,"900,000.00"
Mónica Terán Hernández,Mónica Terán Hernández,Becario,"900,000.00"
Afaf Abdelrahman Mohamed Ahmed Elshereef,Afaf Abdelrahman Mohamed Ahmed Elshereef,Becario,"500,000.00"
Centro de Investigación y de Estudios Avanzados del Instituto Politécnico Nacional / Unidad Irapuato,Decifrando el papel de los compuestos orgánicos volátiles en la inducción de la resistencia a la sequía y las enfermedades en frijol común (Phaesolus vulgaris): desde la genómica hasta el campo,Servicios Educativos,"2,210,000.00"
Universidad Autónoma de la Ciudad de México,Fotoacústica para el estudio de nanoestructuras y de sus procesos de formación,Servicios Educativos,"2,210,000.00"
Universidad Nacional Autónoma de México / Coordinación de Investigación Científica / Instituto de Ciencias del Mar y Limnología,Corales hermatípicos como archivos naturales de cambios climáticos en el Caribe Mexicano,Servicios Educativos,"2,600,000.00"
Mitacs Inc,Primer año a Mitacs Inc,No disponible,"5,100,000.00"
Israel Loera Carrizales,Estancias posdoctorales,Becario,"900,000.00"
Luis Martín Mejía Mendoza,Estancias posdoctorales,Becario,"900,000.00"
Flavia Termignoni García,Estancias posdoctorales,Becario,"900,000.00"
Universidad Nacional Autónoma de México / Coordinación de Investigación Científica / Instituto de Ecología,Projecting the Influences of Political Incentives on Urban Land Conversion and Hydrologic Consequences in the Mexico City Metropolitan Area,Servicios Educativos,"66,000.00"
European Organization for Nuclear Research (CERN),Contribución de México para la construcción del Readout & Trigger System del Upgrade del ALICE Detector,No disponible,"3,900,000.00"
"Instituto de Ecología, AC","Anthropogenic Mediation of Soil-Landform Relationships: Disturbance and Recovery Along a Climatic Gradient in Central Veracruz, Mexico",Servicios Profesionales Científicos y Técnicos,"88,000.00"
"Centro de Investigaciones en Óptica, AC",Absorción óptica no lineal en nuevos materiales orgánicos: el caso de cromóforos carbomeros,Servicios Profesionales Científicos y Técnicos,"520,000.00"
Universidad de Columbia,Programa Edmundo OGorman 2017,No disponible,"1,000,000.00"
Universidad de California,Programa de Investigación en Migración y Salud (PIMSA) 2017,No disponible,"1,000,000.00"
Universidad de Texas A&M,Programa Conjunto de Proyectos de Colaboración 2017,No disponible,"4,000,000.00"
Karlsruher Institut für Technologie,Actividades del Observatorio Pierre Auger correspondiente al año 2016,No disponible,"2,091,113.00"
"Centro de Investigación y Docencia Económicas, AC",Examining Ilicit Drug Flows,Servicios Profesionales Científicos y Técnicos,"99,000.00"
Instituto Nacional de Antropología e Historia,Investigation of human skeletal remains of prehistoric Baja California Peninsula and inferences for modeling island evolution on mainland,Actividades del Gobierno y de Organismos Internacionales y Extraterritoriales,"132,000.00"
Instituto Interamericano de Cooperación para la Agricultura Oficina en Costa Rica (IICA),9ª. Feria Mexicana de Posgrados de Calidad 2017,No disponible,"500,000.00"
Universidad de California,Programa UC MEXUS-CONACYT para Proyectos de Investigación (Grants),No disponible,"10,219,740.00"
European Organization for Nuclear Research (CERN),Aportación al SCOAP3 correspondiente al año 2017,No disponible,"1,012,000.00"
Universidad de California,Programa UC MEXUS-CONACYT para Estancias Posdoctorales correspondiente al año 2017,No disponible,"11,700,140.00"
Universidad Nacional Autónoma de México / Coordinación de Investigación Científica / Instituto de Matemáticas,Laboratorio Lefschetz (LaSoL) 2017,Servicios Educativos,"1,324,000.00"
Karlsruher Institut für Technologie,Observatorio Pierre Auger correspondiente al año 2017,No disponible,"1,926,424.80"
Universidad de Sussex,Colaboración conjunta entre el CONACYT y la Universidad de Sussex ,No disponible,"910,000.00"
Max Planck Institut für Pflanzenzüchtungsforschung,The mechanistic basis for heterochrony dependent natural variation in leaf shape,No disponible,"609,500.00"
Max Planck Institut für ethnologische Forschung,"Power, Conflict and Integration: Mexican Women in Mixed Marriages in Berlin",No disponible,"609,500.00"
Instituto Tecnológico Autónomo de México,The First Mexico/USA Logic Fest,Servicios Profesionales Científicos y Técnicos,"60,000.00"
Universidad de Texas en San Antonio (UTSA) ,Programa de Investigación Colaborativa 2018,No disponible,"10,000,000.00"
Instituto Tecnológico Superior de los Ríos,"Desarrollo, evaluación en campo y análisis de factibilidad comercial de dos cultivos del Sureste Mexicano con Denominación de Origen, editados genómicamente para conferirles resistencia contra patógenos fúngicos y oomicetos",Servicios Educativos,"5,209,281.00"
Instituto Interamericano de Cooperación para la Agricultura,Desarrollo de las actividades de comunicación y divulgación en materia de Bioseguridad.,No disponible,"1,600,000.00"
"Comayeles, S.A. de C.V.","Contexto socioeconómico, impactos potenciales y estrategia para la consulta a comunidades indígenas, de la producción de soya modificada genéticamente en Yucatán",Servicios Profesionales Cientificos Y Tecnicos,"905,000.00"
