Responsable Técnico,Título,FONDO,Monto aprobado
Carlos Romo Fuentes,Desarrollo de la plataforma satelital Quetzal para el monitoreo de la columna de gases contaminantes y la observación del territorio nacional,AEM,"1,836,000.00"
Juan Americo Gonzalez Esparza,SERVICIO DE CLIMA ESPACIAL MEXICO (SCIESMEX),AEM,"1,249,617.00"
Alejandro Monsivais Huertero,Comprensión de la firma de microondas en banda L sobre campos agrícolas a escala de 1 km para futuras estimaciones de humedad de suelo en México,AEM,"810,000.00"
Jorge Prado Molina,Prototipo funcional de un sistema de estabilización satelital triaxial.,AEM,"628,838.00"
Alvaro Armenta Ramade,Elaboración de un marco de referencia regulatorio y normativo asociado a la construcción de satélites pequeños en México,AEM,"542,200.00"
Jorge Flores Troncoso,Desarrollo de prototipos de IP-Cores para un sistema en banda base de radiocomunicación satelital definido por software,AEM,"1,565,346.40"
Claudia Moreno González,"Programa de desarrollo y capacitacion en ciencias aeroespaciales y astrofisicas para maestros y alumnos Universitarios y Normalistas de eduacion básica, media superior y superior.",AEM,"893,600.00"
Angel Enrique Sánchez Colín,"Telescopio aéreo miniaturizado, controlado por nanosatélite",AEM,"822,524.33"
William Henry Lee Alardin,Desarrollo del caso científico y estudios de diseño para el Telescopio San Pedro Mártir (TSPM).,AEM,"1,400,000.00"
Francisco Mherand Cuevas Muñiz,Sensores electroquímicos para medición de glucosa en sangre en un ambiente de microgravedad.,AEM,"1,375,000.00"
David Hilario Covarrubias Rosales,Prototipo de un array activo de antenas de fase con capacidad de direccionamiento aplicado a nanosatélites CubeSat,AEM,"524,000.00"
Saúl Alonso Zavala Ortiz,Creación de un portal educativo e informativo sobre Objetos Cercanos a la Tierra,AEM,"248,315.00"
Daniel Lara Favela,DESARROLLO DE UNA CÁMARA DE VACÍO TÉRMICO PARA PRUEBAS AMBIENTALES EN COMPONENTES AEROESPACIALES,AEM,"1,500,000.00"
Miguel Chavez Dagostino,Opto-Electronica calificada para el espacio: Contribucion para ISSIS a bordo del World Space Observatory-UV (WSO-UV),AEM,"370,000.00"
Luis Gerardo Zárate Vilet,Desarrollo de un sistema de propulsión auxiliar para un vehículo orbital,AEM,"1,693,500.00"
Sandra Ignacia Ramírez Jiménez,"Extremófilos, organismos modelo para estudiar el potencial de habitabilidad del Sistema Solar",AEM,"1,500,000.00"
Alberto Solorzano Kraemer,Vehículo reusable de bajo costo para el reingreso a la atmosfera para la toma de datos en altitudes menores a los 80 km,AEM,"1,580,000.00"
Gerardo Ramírez Huerta,REHABILITACIÓN DE SISTEMA MOTRIZ Y PUESTA EN OPERACIÓN DE ANTENA ERIS,AEM,"4,773,400.00"
Omar López Cruz,La Exploración de la Época Oscura del Universo con Sci-HI y DARE,AEM,"1,428,750.00"
,Plataforma estratosférica nacional multipropósito para cargas útiles de ingeniería espacial y científicas,AEM,"2,000,000.00"
MARIA GUADALUPE GALINDO MENDOZA,Plataforma de Vigilancia Sindrómica y Alerta Epidemiología de Vectores en Salud Humana apoyados en Sensores Remotos y Geotecnologías,AEM,"1,400,000.00"
LILIANA IBETH BARBOSA SANTILLAN,The use of GNSS data for tracking  maritime flow for sea security.,AEM,"1,000,000.00"
JOSE LUIS GARCIA CORDERO,An autonomous microlaboratory for biological experimentation in microgravity,AEM,"1,591,000.00"
HUGO RODRIGUEZ CORTES,Diseño y construcción de un modelo de vuelo del sistema de determinación y control de orientación compatible con el estándar CubeSat,AEM,"700,000.00"
ROGELIO ALVAREZ VARGAS,Diseño e implementación de un sistema de posicionamiento para antenas parabólicas que dan seguimiento a satélites desde estaciones terrenas a partir de una plataforma Stewart tipo hexápodo,AEM,"2,000,000.00"
ISIDRO MOCTEZUMA CANTORAN,"Identificación semi o automática de deslaves en zonas urbanas de Puerto Escondido y Salina Cruz, Oaxaca.",AEM,"223,250.00"
MIGUEL ALCUBIERRE MOYA,Montaje autónomo de estructuras sobre la superficie lunar usando robots modulares auto-organizados,AEM,"5,840,000.00"
CLAUDIA DIAZ CAMINO,BIOVENTUS: Sistema inteligente de detección de microorganismos en el aire.,AEM,"2,000,000.00"
JAVIER MAURICIO ANTELIS ORTIZ,"Programa aeroespacial basado en cohetes desarrollados por estudiantes de profesional y maestría, y su divulgación en educación básica y media superior",AEM,"1,387,040.00"
ANGELICA MENESES ACOSTA,Análisis de la expresión de interferón gamma humano usando el sistema células HEK293-Adenovirus en ambientes de microgravedad.,AEM,"884,000.00"
EUSEBIO EDUARDO HERNANDEZ MARTINEZ,Modelo de posicionamiento y compensación para la implementación de una plataforma Gough-Stewart general con aplicación a una terminal portátil de comunicación satelital,AEM,"1,960,000.00"
VICTOR JESUS SOSA SOSA,"SERVICIO FEDERADO DE CÓMPUTO EN LA NUBE PARA EL ALMACENAMIENTO, PROCESAMIENTO Y DISTRIBUCIÓN DE IMÁGENES SATELITALES",AEM,"1,352,000.00"
MARIO ALBERTO MENDOZA BARCENAS,Plataforma a escala Cubesat basada en detectores de centelleo y fotodetectores de Silicio para aplicación en Física de Astropartículas,AEM,"600,000.00"
JULIO CÉSAR ROLÓN GARRIDO,Desarrollo e integración de una carga útil para percepción remota satelital hiperespectral.,AEM,"2,000,000.00"
JAVIER FLAVIO VIGUERAS GOMEZ,Sistema Multiplataforma de Realidad Aumentada para Escenarios Educativos sobre Sistemas Espaciales,AEM,"500,000.00"
RAFAEL DE JESUS KELLY MARTINEZ,DISEÑO Y CONSTRUCCIÓN DE UN SISTEMA DE ESTABILIZACIÓN Y DE UN SISTEMA DE CONTROL DE ORIENTACIÓN DE UN NANOSATÉLITE CUBESAT,AEM,"2,431,500.00"
ISRAEL ALEJANDRO ARRIAGA TREJO,Prototipo de subsistema de comunicaciones satelital para telemetría y comando en bandas UHF/VHF con tasa de datos variable,AEM,"1,200,000.00"
FLORIAN HRUBY X,México Virtual - Visualización multidimensional de alto rendimiento de datos satelitales,AEM,"1,350,000.00"
GUILLERMO RAFAEL FERNANDEZ DE LA GARZA,ESTUDIO DE FACTIBILIDAD PARA EL DESARROLLO Y OPERACIÓN DE UN CENTRO NACIONAL DE TRANSFERENCIA Y VINCULACION DEL SECTOR ESPACIAL EN EL ESTADO DE HIDALGO,AEM,"700,000.00"
ITZEL GALAVIZ VILLA,"EVALUACIÓN DEL EFECTO DE LAS FUENTES DIFUSAS DE CONTAMINACIÓN EN LA CALIDAD DEL AGUA DEL RÍO USUMACINTA, EN EL ESTADO DE TABASCO.",CONAGUA,"2,000,000.00"
ENRIQUE TROYO DIEGUEZ,"PLAN DE MANEJO INTEGRADO DE LA CUENCA, ACUÍFERO Y HUMEDALES DE SAN JOSE DEL CABO, B.C.S., CON INDICADORES DE SUSTENTABILIDAD HIDROAMBIENTAL Y SOCIOECONÓMICA, ACORDE A LA NORMATIVIDAD.",CONAGUA,"1,850,000.00"
FEDERICO TARCICIO  POUJOL  GALVAN  ,Análisis y propuestas de reducción de los costos de construcción y operación de viviendas intraurbanas para clima cálido seco.,CONAVI,"689,304.00"
ERIC ZENON OLVERA ,Análisis de Ciclo de Vida (ACV) de materiales comunes para la construcción en México; un enfoque metodológico para la edificación de vivienda sustentable.,CONAVI,"3,390,000.00"
JORGE ALBERTO MONTEJANO ESCAMILLA ,Proyecto de Investigación para afinar la cobertura de los Perímetros de Contención Urbana.,CONAVI,"2,800,000.00"
ANA CECILIA BORBÓN ALMADA ,Diseño termofísico de componentes constructivos aligerados con características térmicas para elaborar muros de vivienda de interés social. ,CONAVI,"1,753,000.00"
MARIA ELENA TORRES PEREZ   ,"Evaluación de las condiciones urbanas y arquitectónicas, y su impacto en la habitabilidad de los conjuntos de vivienda construida en serie en México. Caso Mérida Yucatán.",CONAVI,"718,395.00"
JOSE ANTONIO DOMINGUEZ LEPE ,CARACTERIZACIÓN FISICO TÉRMICA DE MORTEROS ALTERNATIVOS PARA RECUBRIMIENTOS DE EDIFICACIONES CON AGREGADOS CALIZOS EN CLIMA CÁLIDO SUBHÚMEDO ,CONAVI,"804,795.20"
SAGRARIO GARAY VILLEGAS ,COSTO DE LOS CUIDADOS A POBLACIÓN VULNERABLE E IMPLICACIONES PARA LAS CUIDADORAS,INMUJERES,"870,000.00"
REYNA VALLADARES ANGUIANO ,"VIVIENDA Y MUJER: ESPACIOS HABITABLES PARA EL DESARROLLO DE FAMILIAS CON JEFATURA FEMENINA EN LA COMUNIDAD DE FLOR DE COCO, MUNICIPIO DE ARMERÍA, COLIMA",INMUJERES,"801,578.00"
PATRICIA MORENO CASASOLA BARCELO,"Evaluación integral de la vulnerabilidad al cambio climático de la cuenca del Río Jamapa, Vcz, y sus repercusiones en el sistema cafetalero,  en poblaciones de la cuenca baja (Cd. de Veracruz y otras) vulnerables a inundaciones y en las ANP",SEMARNAT,"1,971,320.00"
RUTH CEREZO MOTA,Análisis de Tendencias Climáticas y regionalización dinámica para México,SEMARNAT,"1,967,000.00"
MARTHA MARIA TELLEZ ROJO SOLIS,Implementación de información satelital para evaluar exposición a partículas respirables (PM2.5) y su asociación con salud y nivel socioeconómico en una muestra representativa de la población mexicana utilizando resultados de la ENSANUT 2006 y 2012,SEMARNAT,"1,553,714.00"
MICHEL ALEXANDRE GRUTTER DE LA MORA,Variabilidad temporal y espacial del CO2 y CH4 en México,SEMARNAT,"2,550,000.00"
GABRIELA DOMINGUEZ CORTINAS,"EVALUACIÓN DE LA VULNERABILIDAD ASOCIADA A RIESGOS CLIMÁTICOS Y METEOROLÓGICOS EN COMUNIDADES MARGINADAS DE LAS REGIONES DEL ALTIPLANO, PLANICIE COSTERA Y SIERRA MADRE ORIENTAL DEL ESTADO DE SAN LUIS POTOSÍ",SEMARNAT,"936,000.00"
ENRIQUE GONZALEZ SOSA,"Heterogeneidad y escalamiento de los flujos de superficie de agua y energía, suelo-vegetación-atmosfera en sistemas climáticos regionales. Altiplano de México.",SEMARNAT,"3,278,175.00"
IVAN NELINHO PEREZ MALDONADO,DISFUNCIÓN ENDOTELIAL COMO BIOMARCADOR DE EFECTO EN SALUD EN POBLACIONES POTOSINAS QUE UTILIZAN BIOMASA COMO FUENTE DE ENERGÍA,SEMARNAT,"1,160,000.00"
LIA CELINA MENDEZ RODRIGUEZ,Efecto del patrón de lluvias en la concentración de elementos traza en agua subterránea de zonas áridas,SEMARNAT,"1,887,000.00"
MARTIN JOSE MONTERO MARTINEZ,IMPACTOS SOCIOAMBIENTALES DEL CAMBIO CLIMÁTICO REGISTRADOS EN LA CUENCA DEL RÍO CONCHOS Y DEL RÍO USUMACINTA DE ACUERDO A CRITERIOS DEL IPCC 2014,SEMARNAT,"1,907,360.00"
HORACIO RIOJAS RODRIGUEZ,"Impacto económico y en salud asociado a la contaminación atmosférica (PM10, PM2.5, SO2, NO2 y Ozono) en doce ciudades del Sistema Urbano Nacional",SEMARNAT,"1,084,000.00"
JUANA LOPEZ MARTINEZ,CAMBIO CLIMATICO Y LA POBLACION DE LA MEDUSA Stomolophus meleagris. IMPACTO EN LA ESTRUCTURA Y FUNCIONAMIENTO DEL ECOSISTEMA MARINO Y EN LAS PESQUERIAS DEL GOLFO DE CALIFORNIA,SEMARNAT,"2,112,000.00"
AURORA MARGARITA BRECEDA SOLIS-CAMARA,Evaluación de vulnerabilidad ante el Cambio Climático de  los sistemas socioambientales tradicionales en los oasis de Baja California Sur.,SEMARNAT,"800,000.00"
MAGALI HURTADO DIAZ,"Eventos vasculares, contaminantes atmosféricos y temperatura en grandes y medianas ciudades de México.",SEMARNAT,"1,542,500.00"
MA. DEL CARMEN LETICIA CALDERON EZQUERRO,"VULNERABILIDAD DE LOS BOSQUES DE CONÍFERAS Y LATIFOLIADAS ANTE EL CAMBIO CLIMÁTICO: CAMBIOS EN LOS PERIODOS DE FLORACIÓN DE PINUS, QUERCUS Y CUPRESSACEAE MEDIANTE SU ANÁLISIS FENOLÓGICO Y AEROPOLÍNICO.",SEMARNAT,"930,000.00"
ALBINO MARTÍNEZ SIBAJA,ELABORACIÓN DE UN SISTEMA INTELIGENTE QUE ESTABLEZCA LAS ESTRATEGIAS FACTIBLES DE RESTAURACIÓN DE SUELOS CON PRODUCCIÓN DE CAÑA DE AZÚCAR,SEMARNAT,"350,000.00"
NATHALIE ROBERTE CHANTAL CABIROL  ,CASO DE ESTUDIO: INTEGRIDAD ECOSISTÉMICA DE LA COMUNIDAD INDÍGENA HÑAHÑÜ DE EL ALBERTO COMO GARANTÍA DE CINTURÓN VERDE FRENTE AL CRECIMIENTO DE LA CIUDAD DE IXMIQUILPAN HIDALGO,SEMARNAT,"1,553,520.00"
JUAN MARTÍN MOLINA MUÑOZ,"DESARROLLO DE UNA METODOLOGÍA PARA LA ELABORACIÓN DE MATERIALES COMPUESTOS POLIMÉRICOS  A PARTIR DE  FIBRA DE AGAVE CUPREATA, PARA LA FABRICACIÓN  DE MOBILIARIO ESCOLAR SUSTENTABLE. PARTE 1",SEMARNAT,"777,964.00"
JAVIER ALCOCER DURAND,"LOS LAGOS DEL NEVADO DE TOLUCA, MÉXICO: CENTINELAS PARA LA DETECCIÓN Y ANÁLISIS DE LA VULNERABILIDAD SOCIO-ECOSISTÉMICA ANTE LOS IMPACTOS DEL CAMBIO AMBIENTAL GLOBAL",SEMARNAT,"3,531,220.00"
RICHARD EVAN FELDMAN .,EVALUACIÓN DE LA FENOLOGÍA DE LAS AVES MIGRATORIAS Y LA DISPONIBILIDAD DE FRUTOS EN LA PENINSULA DE YUCATAN: CAMBIO CLIMÁTICO Y DESAJUSTES FENOLÓGICOS,SEMARNAT,"995,100.00"
JOSE ALEJANDRO VELAZQUEZ MONTES,PROSPECCIÓN TERRITORIAL ANTE ESCENARIOS DE CAMBIO CLIMÁTICO EN CUENCAS DE ALTA VULNERABILIDAD: BASES PARA EL MANEJO DE INFORMACIÓN Y LA INTEGRACIÓN INTER-SECTORIAL,SEMARNAT,"1,607,124.00"
JUAN JOSÉ COTA NIETO,"PROGRAMA DE INNOVACIÓN CIENTÍFICA COMO HERRAMIENTA PARA EL FORTALECIMIENTO DE LA ACTIVIDAD PESQUERA SOSTENIBLE EN BAHÍA MAGDALENA, B.C.S.",SEMARNAT,"1,046,044.00"
MANUEL ALEJANDRO JIMENEZ LIZARRAGA,"""ESTUDIOS DE AGRICULTURA DE PRECISIÓN Y ESPECIES MEDIANTE TECNOLOGÍA SATELITAL Y VEHÍCULOS AÉREOS AUTÓNOMOS"".",SEMARNAT,"1,444,223.00"
SERGIO TICUL ALVAREZ CASTAÑEDA,EVALUACIÓN DEL ESTADO ACTUAL DE ESPECIES DE MAMÍFEROS ENDÉMICOS Y EN PELIGRO DE EXTINCIÓN DE ALTA MONTAÑA SUJETOS A CONTRACCIÓN DEL HÁBITAT POR CAMBIO CLIMÁTICO,SEMARNAT,"2,000,000.00"
OSCAR AUGUSTO PERALTA ROSALES,IMPACTO DE LAS EMISIONES MÓVILES Y FIJAS A LA DISTRIBUCIÓN DE CONCENTRACIONES DE CARBONO NEGRO Y GASES CONTAMINANTES EN LA VERTICAL EN ZONAS URBANA Y PERIURBANA DEL CENTRO DE MÉXICO,SEMARNAT,"3,476,000.00"
MARICELA HERNANDEZ VAZQUEZ,VULNERABILIDAD SOCIOAMBIENTAL DEL MAÍZ NATIVO FRENTE AL CAMBIO CLIMÁTICO EN EL ESTADO DE TLAXCALA,SEMARNAT,"1,000,000.00"
MIRIAM ALFIE COHEN,ANÁLISIS DE LA VULNERABILIDAD Y RESILIENCIA AL CAMBIO CLIMÁTICO EN SISTEMAS SOCIO-ECOLÓGICOS PERIURBANOS,SEMARNAT,"1,950,954.00"
ALEJANDRA CITLALLI MORENO LETELIER,"VARIACIÓN GENÉTICA, ADAPTACIÓN Y VULNERABILIDAD AL CAMBIO CLIMÁTICO DE LA FLORA DEL DESIERTO CHIHUAHUENSE",SEMARNAT,"830,500.00"
ALEJANDRO JOSÉ LOPEZ FELDMAN,VULNERABILIDAD SOCIAL Y ADAPTACIÓN: LEVANTAMIENTO DE UNA LÍNEA BASE Y ANÁLISIS DE LOS DETERMINANTES DE LA ADAPTACIÓN EN LOS HOGARES RURALES DEL SUR-SURESTE,SEMARNAT,"1,270,000.00"
ENRIQUE NUÑEZ LARA,"MODELOS DE REDISTRIBUCIÓN DE ESPECIES, HABITAT Y POBLACIONES HUMANAS EN ZONAS VULNERABLES DEL SURESTE ANTE ESCENARIOS CLIMATICOS ADVERSOS",SEMARNAT,"1,670,000.00"
MARIA MALDONADO SANTOYO,UTILIZACIÓN DEL PELO DE DESECHO DE LA INDUSTRIA CURTIDORA COMO MATERIA PRIMA PARA APLICACIONES ALIMENTICIAS DE TIPO AVÍCOLA,SEMARNAT,"2,460,000.00"
ELIAS HERNANDEZ CASTRO,"CARACTERIZACIÓN FÍSICA, QUÍMICA Y BIOLÓGICA DEL MAGUEY SACATORO (AGAVE ANGUSTIFOLIA HAW) PARA SU APROVECHAMIENTO SUSTENTABLE EN LA REGIÓN COMPRENDIDA ENTRE LOS MUNICIPIOS DE CHILAPA Y HUITZUCO, GRO. BALSAS.",SEMARNAT,"3,280,000.00"
YOLANDA GUADALUPE ARANDA JIMENEZ,RECUBRIMIENTO SUSTENTABLE A BASE DE FIBRAS NATURAL PARA MUROS INTERIORES DE VIVIENDAS,SEMARNAT,"1,350,000.00"
LUIS CESAR ALMENDAREZ HERNANDEZ,VALORACIÓN ECONÓMICA DE LOS SERVICIOS ECOSISTÉMICOS DE LAS ISLAS DEL GOLFO DE CALIFORNIA: CASO DE ESTUDIO ISLA CERRALVO Y COMUNIDADES ALEDAÑAS DEDICADAS A LA PESCA DEPORTIVO RECREATIVA,SEMARNAT,"830,000.00"
EFRAIN RUBIO ROSAS,"ESTUDIO INTEGRAL DE UBICACIÓN ÓPTIMA DE SITIOS DE DISPOSICIÓN FUTURA DE RELLENOS SANITARIOS A NIVEL REGIONAL, CONSIDERANDO ASPECTOS FÍSICOS, ECOLÓGICOS Y SOCIOECONÓMICOS.",SEMARNAT,"4,973,358.00"
LUISA MOLINA TAN,CARACTERIZACIÓN DE LA ACTIVIDAD ANUAL Y LAS EMISIONES DE FUENTES MÓVILES FUERA DE CARRETERAS UTILIZADAS EN EL AGRO Y EN LA CONSTRUCCIÓN EN MÉXICO,SEMARNAT,"1,975,000.00"
JUAN MANUEL NUÑEZ HERNANDEZ,VALORACIÓN ECONÓMICA DE SERVICIOS ECOSISTÉMICOS EN EL COMPLEJO DE ÁREAS NATURALES PROTEGIDAS DE LA SIERRA MADRE DE CHIAPAS,SEMARNAT,"555,000.00"
JAIME GARATUZA PAYAN,"EXPANSIÓN URBANA DE CD. OBREGÓN Y SU RELACIÓN CON LA TENENCIA DE LA TIERRA EN EL VALLE DEL YAQUI, SONORA.",SEMARNAT,"975,000.00"
MARIA DEL CO HERNANDEZ BERRIEL,UBICACIÓN DE RELLENOS SANITARIOS INTERMUNICIPALES FUTUROS EN EL ESTADO DE MÉXICO Y ESTADOS ALEDAÑOS,SEMARNAT,"2,167,200.00"
CESAR AUGUSTO SALINAS ZAVALA,VULNERABILIDAD DEL SISTEMA SOCIOAMBIENTAL ACOPLADO DEL CENTRO DE ALTA PRODUCTIVIDAD BIOLOGICA DEL GOLFO DE ULLOA ANTE ESCENARIOS DE CAMBIO CLIMÁTICO,SEMARNAT,"1,480,000.00"
ROBERTO ALEJANDRO SANCHEZ RODRIGUEZ,VULNERABILIDAD Y ADAPTACIÓN AL ESTRÉS HÍDRICO EN UN CONTEXTO DE CAMBIO CLIMÁTICO EN EL NOROESTE DE MÉXICO. UN ENFOQUE OPERATIVO.,SEMARNAT,"1,149,913.00"
VICTOR DANIEL AVILA AKERBERG,"BIODIVERSIDAD Y SERVICIOS AMBIENTALES EN UNA CUENCA PERIURBANA DE LA CIUDAD DE MÉXICO. ESTRATEGIAS DE VALORACIÓN ECONÓMICA, CONSERVACIÓN Y APROVECHAMIENTO SUSTENTABLE",SEMARNAT,"918,272.00"
YASSIR EDÉN TORRES ROJAS,"ANÁLISIS DE ¿13C Y ¿18O EN OTOLITOS DE PECES MARINOS PRESENTES EN EL ÁREA DE PROTECCIÓN DE FLORA Y FAUNA LAGUNA DE TÉRMINOS, CAMPECHE: INDICADORES DEL CAMBIO CLIMÁTICO.",SEMARNAT,"1,160,000.00"
CARMEN ISELA ORTEGA ROSAS,ANÁLISIS DE POLEN ATMOSFÉRICO COMO BIOINDICADOR DE LOS EFECTOS DEL CAMBIO CLIMÁTICO SOBRE CALIDAD DEL AIRE Y LA SALUD RESPIRATORIA HUMANA EN LA REGIÓN ÁRIDA DE SONORA.,SEMARNAT,"1,139,000.00"
CRISANTO VELAZQUEZ BECERRA,"DESARROLLO TECNOLÓGICO DEL CUERAMO (CORDIA ELAEAGNOIDES) EN EL EJIDO LAS CRUCES, MUNICIPIO DE TUMBISCATÍO, MICHOACÁN MÉXICO.",SEMARNAT,"300,000.00"
David Melgoza Mora,  Análisis de los factores que han ocasionado la persistencia de la pobreza e inclusión social en la última década. ,SEDESOL,"3,500,000.00"
X_egarza3328,CAMBIOS EN LA ESTRUCTURA Y CONECTIVIDAD FUNCIONAL CEREBRALES RELACIONADOS A LA MEJORIA CLINICA EN PACIENTES CON ADICCION A LA COCAINA DESPUES DE UN TRATAMIENTO CON ESTIMULACION MAGNETICA TRANSCRANEAL.,SALUD,"750,000.00"
X_jramsey16459,"Evaluación del rtPCR para el diagnóstico parasitológico de infección por Trypanosoma cruzi, y de biomarcadores séricos para el seguimiento clínico de la enfermedad de Chagas.",SALUD,"3,182,000.00"
X_ogalvan174694,Implementación de dosimetría in vivo para radioneurocirugía y radioterapia estereotáctica,SALUD,"938,000.00"
X_acantoral167957,Patrones de Dieta que contribuyen al desarrollo de Hígado Graso y Síndrome Metabólico en Adolescentes con Sobrepeso y Obesidad,SALUD,"1,100,000.00"
X_ntorres9095,Desarrollo de estrategias dietarias a base de alimentos funcionales y prebióticos para el control metabólico y microbiota en sujetos con  diabetes mellitus,SALUD,"2,335,000.00"
X_hreyes19013,Diseño y evaluación de un modelo colaborativo de atención paliativa pediátrica centrado en el paciente-familia y basado en redes coordinadas de servicios para el sistema de salud de México.,SALUD,"1,981,000.00"
X_mmartinez44736,PREVALENCIA DE LA INFECCIÓN OCULTA  POR EL VIRUS DE LA HEPATITIS C EN DONANTES FAMILIARES DE SANGRE TOTAL EN EL BANCO CENTRAL DE SANGRE DEL CENTRO MÉDICO NACIONAL LA RAZA,SALUD,"1,000,000.00"
X_afleury22139,Neurocisticercosis humana extraparenquimatosa: Interacciones inmuno-endocrinológicas y su implicación en la evolución clínico-radiológica e inflamatoria post-tratamiento de los pacientes.,SALUD,"1,618,000.00"
X_ymacotela,La hormona prolactina como biomarcador y blanco terapéutico en la patofisiología del síndrome metabólico,SALUD,"1,372,000.00"
X_esotoreyes48051,Biomarcadores genéticos y epigenéticos pronósticos del carcinoma epitelial de ovario.,SALUD,"744,000.00"
X_rgaxiola,Evaluar las fracciones biodisponibles de mercurio y arsénico contenidas en cereales y leguminosas que son transferidas a la leche materna,SALUD,"2,001,998.00"
X_rvalle42759,"EVALUACIÓN DE LA EXPRESIÓN DE ISTHMIN1 E INTERLEUCINA-9, COMO POSIBLES MARCADORES DE DIAGNÓSTICO TEMPRANO EN LEUCEMIA LINFOBLÁSTICA AGUDA",SALUD,"750,000.00"
X_mfernandez7783,Mejora de la calidad en la atención al parto institucional a través de la lista de verificación de parto seguro,SALUD,"749,795.00"
X_iheredia3851,"Evaluación integral de desempeño de los servicios de salud sexual y reproductiva, orientados a adolescentes, en unidades de los Servicios de Salud de Morelos",SALUD,"1,430,000.00"
X_agutierrez120499,Epidemiologia molecular y patrones estacionales de calicivirus humanos asociados a diarreas infantiles en la República Mexicana.,SALUD,"1,085,000.00"
X_rvigueras21307,CARACTERIZACIÓN DE MARCADORES TEMPRANOS DE RIESGO PARA EL DESARROLLO DE TUMOR TESTICULAR DE CÉLULAS GERMINALES EN UN GRUPO DE PACIENTES CON CRIPTORQUIDIA,SALUD,"1,217,000.00"
X_mgomez35802,GENERACIÓN DE UNA PLATAFORMA DE IMPACTO CLÍNICO CAPAZ DE IDENTIFICAR MÚLTIPLES VARIANTES GENÓMICAS DE RIESGO PARA DESARROLLAR ATEROTROMBOSIS,SALUD,"3,000,000.00"
X_ddavila8914,Determinación de la frecuencia y correlación clínica del expandido CGG de FMR1 en pacientes mexicanos con ataxia.,SALUD,"745,550.00"
X_fvargas9949,Seguimiento de la ventilación pulmonar mediante bioimpedancia eléctrica en pacientes con diversas patologías pulmonares,SALUD,"474,000.00"
X_kunger169627,"Tiempos y barreras para la atención médica oportuna de pacientes con cáncer de mama, cérvix, próstata y testículo",SALUD,"907,155.00"
X_amorales1300,"CARGA VIRAL DE LOS HERPESVIRUS HUMANOS 4, 5, 6, 7 Y 8  E INFLAMACIÓN SISTÉMICA COMO MARCADORES DE PRONÓSTICO EN PACIENTES PEDIÁTRICOS POST-TRASPLANTE",SALUD,"750,000.00"
X_gleyva177426,ESTUDIO BIOMECANICO NO INVASIVO PARA EL MANEJO DE LA CALIDAD DE RECUPERACION DE HERIDAS EN PIEL POR QUEMADURAS,SALUD,"1,200,000.00"
X_mmendez15516,Caracterizar el factor de transcripción Nrf2 en modelos experimentales de epilepsia y su participación  reguladora en el sistema antioxidante;  analizando su  potencial como nuevo blanco terapéutico,SALUD,"1,644,000.00"
X_aochoa122300,Evaluación de nuevos análogos de Linezólida tipo dipéptido como antibióticos potenciales frente a cepas de bacterias importantes clínicamente,SALUD,"1,900,000.00"
X_lbrieba,Validación de un sistema de detección de agentes infecciosos de importancia clínica por medio de la amplificación del DNA isotérmico,SALUD,"700,000.00"
X_gmartinez8473,Participación del  microbioma  intestinal en la génesis de la gota.,SALUD,"729,850.00"
X_mreyna170702,"Caracterización del espectro mutacional de los genes TSC1 y TSC2 en pacientes del Instituto Nacional de Pediatría con Esclerosis Tuberosa (ET), correlación fenotipo-genotipo y su implicación en el desarrollo de Astrocitoma Célula Gigante Subependimaria",SALUD,"600,000.00"
X_jlarraga,MEDICIÓN DE LA DOSIS ABSORBIDA EN CAMPOS PEQUEÑOS PARA RADIOCIRUGÍA Y RADIOTERAPIA DE INTENSIDAD MODULADA,SALUD,"307,000.00"
X_acamacho40123,Biomarcadores de daño tisular en sujetos obesos diabéticos y no diabéticos.,SALUD,"749,912.00"
X_jmota,Aplicación de nanobiotecnología en el desarrollo de andamios poliméricos para el cultivo de tejidos,SALUD,"750,000.00"
X_mflores161065,Relación entre niveles séricos de hormonas gonadales y concentraciones cerebrales de GABA en mujeres con trastorno depresivo mayor y controles sanas,SALUD,"659,360.00"
X_acastillo44184,"Inhibición de los factores de virulencia de los diferentes patotipos de E. coli, aislados de niños del hospital de la niñez oaxaqueña, por efecto de la curcumina",SALUD,"700,000.00"
X_eleon123633,"Análisis de biomarcadores relacionados con la incidencia y gravedad de la enfermedad de injerto contra huésped en pacientes tratados con un alotrasplante, utilizando células progenitoras hematopoyéticas de médula ósea estimulada.",SALUD,"550,000.00"
X_mbarraza45332,"BUSQUEDA DE MARCADORES DE RIESGO CON POTENCIAL APLICABILIDAD EN LA PREVENCIÓN DEL SUICIDIO: ANÁLISIS ¿POST MORTEM"" DE LOS PATRONES DE EXPRESIÓN GÉNICA Y NIVELES DE COLESTEROL EN TEJIDO CEREBRAL DE SUJETOS SUICIDAS",SALUD,"750,000.00"
X_ladalid85416,EFECTO DEL TRATAMIENTO CON AGONISTAS DOPAMINÉRGICOS EN LA RESPUESTA INMUNOMODULADORA DE PACIENTES CON ENFERMEDAD DE PARKINSON,SALUD,"2,300,000.00"
X_bcamarena21688,Identificación de marcadores genéticos y de neuroimagen en la respuesta y tolerabilidad a los estabilizadores del ánimo y antidepresivos en pacientes con trastornos afectivos con perspectiva de género.,SALUD,"1,310,000.00"
X_lcastro167362,Desarrollo de un método de diagnóstico para la detección temprana del carcinoma hepatocelular basado en el contenido molecular de las microvesículas tumorales hepáticas.,SALUD,"750,000.00"
X_dgomez6657,Análisis de los factores clínicos e inmunológicos asociados al desarrollo de infecciones graves en pacientes con Lupus Eritematoso Generalizado,SALUD,"650,000.00"
X_malonso20514,La función sensorial como biomarcador de alteraciones genéticas y moleculares de redes neuronales en pacientes con epilepsia del lóbulo temporal mesial resistente a fármacos,SALUD,"3,000,000.00"
X_rmartinez93608,Evaluación de Marcadores Moleculares para el Diagnóstico de Histoplasmosis Diseminada en Pacientes con Síndrome de Inmunodeficiencia Adquirida,SALUD,"2,484,200.00"
X_mlizano7569,Caracterización de mecanismos de resistencia a tratamiento en cáncer de cabeza y cuello y desarrollo de un panel de biomarcadores,SALUD,"2,700,000.00"
X_ngutierrez93611,Estudio del metaboloma en orina y plaquetas en enfermedades psiquiátricas,SALUD,"692,143.00"
X_ahidalgo169316,Identificación de miRNAs como marcadores biológicos para la respuesta al tratamiento y/o desarrollo de metástasis en tumores óseos.,SALUD,"550,000.00"
X_eservan179564,Desempeño técnico-económico de las unidades primarias de atención de la Secretaría de Salud en un contexto de cobertura universal de salud.,SALUD,"1,435,392.00"
X_frosetti882,Identificación y evaluación funcional de variantes genéticas que determinan las características patológicas de la nefritis en el Lupus Eritematoso Generalizado,SALUD,"750,000.00"
X_jberumen15548,"Desarrollo de un sistema de detección oportuna del cáncer de cuello uterino de bajo costo basado en marcadores tumorales, la prueba de qRT-PCR en un paso y tecnología de alto rendimiento",SALUD,"2,270,000.00"
X_ggamba11340,Desarrollo de una estrategia multiplex para biopsias moleculares del riñón en pacientes con retención crónica de sal,SALUD,"1,393,660.00"
X_jdelarosa7101,Desarrollo de un sistema óptico automatizado para el diagnóstico complementario del grado de fibrosis hepática en biopsias preservadas,SALUD,"1,000,000.00"
X_gmelendez8700,Efecto de la ingestión aguda o crónica de sucralosa sobre  insulina y glucosa séricas en adultos jóvenes sanos con diferentes grados de índice de masa corporal.,SALUD,"1,699,562.00"
X_mgarcia39615,"Estudio epidemiológico molecular de aislamientos de Enterococcus spp resistentes a vancomicina en la ciudad de Querétaro; identificación de factores de riesgo y formulación de guías de vigilancia, prevención y erradicación.",SALUD,"750,000.00"
X_jtortoriello13276,"EVALUACIÓN DE LA EFECTIVIDAD Y SEGURIDAD DE UN FITOMEDICAMENTO DESARROLLADO POR EL IMSS PARA EL TRATAMIENTO DE LA ANSIEDAD. ESTUDIO CLÍNICO DOBLE CIEGO, ALEATORIZADO Y CONTROLADO CON ALPRAZOLAM",SALUD,"1,229,000.00"
X_gdelgado170335,"Evaluación de una estrategia integral para manejo conjunto de tuberculosis pulmonar y diabetes tipo 2 en Orizaba, Veracruz",SALUD,"2,671,688.00"
X_mthompson4962,Estudio para el establecimiento de bio-marcadores para tamizaje de cáncer de mama,SALUD,"3,000,000.00"
X_lcastillo85758,"Implementación de un programa de ejercicios en conjunto con una dieta basada en el patrón Mediterráneo sobre la actividad de la enfermedad, composición corporal y calidad de vida en pacientes con artritis reumatoide.",SALUD,"948,845.00"
X_fgil9683,Estudio de los efectos de la estimulación eléctrica transcorneal para el tratamiento del Glaucoma de ángulo abierto.,SALUD,"2,998,000.00"
X_mschnaas25081,"Obesidad y Perfil Metabólico Materno Como Predictor de la Composición Corporal Fetal, Obesidad y Neurodesarrollo en la Infancia",SALUD,"5,000,000.00"
X_acarnevale1006,Estudio genómico para el diagnóstico de la insuficiencia cardiaca y la muerte súbita no isquémica mediante secuenciación de nueva generación.,SALUD,"2,090,000.00"
X_wvieyra2273,Efectos de la cohesión social sobre el aprovechamiento de los servicios de salud en Chiapas,SALUD,"750,000.00"
X_acasillas170840,NUEVOS ADITIVOS EN LA SOLUCIÓN DE PRESERVACIÓN HTK PARA MEJORAR LA VIABILIDAD DE ÓRGANOS MARGINALES SOMETIDOS A TRASPLANTE HEPÁTICO.,SALUD,"750,000.00"
X_dlopez3615,Determinación de valores de referencia de composición corporal en población pediátrica mexicana.,SALUD,"750,000.00"
X_mflores170834,Estudio del eje contra-regulatorio del sistema renina-angiotensina en la prevención y tratamiento del Síndrome Metabólico,SALUD,"750,000.00"
X_hvivanco37538,Evaluación clínica de Endocan y Galectinas humanas como biomarcadores pronósticos asociados a protección/severidad en la infección por virus Dengue,SALUD,"750,000.00"
X_mespinosa11163,"Esclerosis múltiple: aislamiento, capacidad infectiva y genotipificación del virus de varicela zoster proveniente del líquido cefalorraquídeo de pacientes mexicanos",SALUD,"1,700,000.00"
X_ltristan4815,"Determinación de los niveles plasmáticos de taurina, glutamina, arginina y citrulina como biomarcadores de pronóstico en pacientes pediátricos con edema cerebral derivado de traumatismo craneoencefálico.",SALUD,"750,000.00"
X_rfossion3916,"Monitoreo de la variabilidad del ritmo cardiaco, marcha, fuerza y balance para el desarrollo de un algoritmo automatizado mediante dispositivos móviles para evaluar el riesgo de caídas y la detección temprana de la fragilidad en el adulto mayor",SALUD,"749,820.00"
X_fcenteno39997,Evaluación de patrones de metilación de genes asociados con el riesgo al desarrollo de dislipidemia en grupos indígenas y mestizos mexicanos,SALUD,"1,263,000.00"
X_acontreras5015,Desempeño del ensayo C3d para la evaluación de la actividad de anticuerpos anti-HLA en pacientes candidatos a trasplante renal y su capacidad de predicción de rechazo mediado por anticuerpos durante el seguimiento pos-trasplante.,SALUD,"2,437,734.00"
X_lcetina123135,Ensayo Clínico Fase II para evaluar el potencial de la quimio-radioterapia concomitante con gemcitabina para evitar nefrostomía en pacientes con carcinoma cervicouterino localmente avanzado y falla renal,SALUD,"2,190,000.00"
X_jrodriguez123036,"Análisis de metilación en el promotor de los genes de IL-17, IL-24, IL-27 como biomarcadores en enfermedad arterial coronaria.",SALUD,"750,000.00"
X_lpavon19937,"Validación de una prueba molecular para la detección del trastorno depresivo mayor en navegantes aéreos, marítimos y terrestres a traves de la detección de alteraciones en la expresión génica de los componentes del sistema serotoninérgico en PBMC.",SALUD,"750,000.00"
X_mbernabe86372,EFECTO DE LA ADMINISTRACIÓN ENTERAL DEL ÁCIDO DOCOSAHEXAENOICO SOBRE EL DESARROLLO DE RETINOPATÍA DEL PREMATURO,SALUD,"745,000.00"
X_jmaldonado6547,Asociación entre el tipo lípidos ingeridos en la dieta y el perfil de ceramidas en tejido muscular y su efecto sobre la sensibilidad a la insulina en sujetos adultos.,SALUD,"715,000.00"
X_epompa49342,IDENTIFICACIÓN DE VARIANTES GENÉTICAS DE RIESGO PARA EL DESARROLLO DE DISLIPIDEMIA SECUNDARIA AL TRATAMIENTO ANTIRRETROVIRAL (TARV) EN PACIENTES INFECTADOS CON EL VIRUS DE INMUNODEFICIENCIA HUMANA (VIH),SALUD,"1,650,000.00"
X_atovar9097,"Efecto del resveratrol en pacientes con resistencia a la insulina sobre  el gasto energético, composición corporal y microbiota",SALUD,"1,500,000.00"
X_jquinzanos455,"Efecto en la funcionalidad, el equilibrio de tronco y la condición cardiovascular del entrenamiento con  ergómetro de kayak en pacientes con lesión medular",SALUD,"750,000.00"
X_rpelayo58865,DESARROLLO DE PLATAFORMAS TRIDIMENSIONALES PERSONALIZADAS PARA EL ESTUDIO DE SENSIBILIDAD A FARMACOS ANTI-NEOPLASICOS EN LA LEUCEMIA LINFOBLASTICA AGUDA INFANTIL,SALUD,"4,300,000.00"
X_ljacobo170092,ESTUDIO DE MICROPARTÍCULAS ENDOTELIALES COMO POSIBLES BIOMARCADORES DE ENFERMEDAD ARTERIAL CORONARIA Y SU RELACIÓN CON VARIANTES GENÉTICAS DE ABCA1 EN POBLACIÓN MEXICANA,SALUD,"742,944.00"
X_jaceves40922,EFECTO DEL IMPLANTE DE CELULAS TRONCALES DE MEDULA OSEA CXCR4+ EN INFARTO AL MIOCARDIO CRONICO.,SALUD,"2,376,056.00"
X_jdiaz42985,Identificación de biomarcadores de resistencia y respuesta a la terapia neoadyuvante con trastuzumab en pacientes con cáncer de mama HER2 positivo mediante un análisis proteómico en suero,SALUD,"750,000.00"
X_gmercado38386,Identificación de miRNAs específicos de tumor en exosomas salivales de pacientes pediátricos con cáncer,SALUD,"1,100,000.00"
X_kdzul163465,"Perfil clínico, epidemiológico y molecular de rickettsiosis en pacientes con síndrome exantemático-febril similar al Dengue procedentes del Hospital General Agustín O`Horán.",SALUD,"1,000,000.00"
X_iisordia30580,ESTUDIO MULTICENTRICO PARA IDENTIFICAR MARCADORES DE RIESGO GENETICO EN PACIENTES JOVENES MEXICANOS    < O = 45 AÑOS   CON ENFERMEDAD ATEROTROMBOTICA CEREBRAL,SALUD,"800,000.00"
X_ffuente162832,Biomarcadores inflamatorios y remisión sintomática en pacientes con primer episodio de esquizofrenia,SALUD,"1,088,850.00"
X_pcortes45531,Cuantificación e inhibición farmacológica de los receptores relacionados a estrógenos en células tumorales de pacientes con cáncer de mama para proponer terapias adyuvantes o marcadores pronósticos,SALUD,"750,000.00"
X_sdominguez74758,FACTORES GENETICOS Y AMBIENTALES ASOCIADOS AL DESARROLLO DE LEUCEMIA EN NIÑOS DEL ESTADO DE CHIAPAS,SALUD,"800,000.00"
X_cmendoza75092,"Importancia del Factor de Transcripción Scleraxis en la patogénesis de enfermedades fibrosantes de pulmón, estudio para definir su utilidad pronóstica y diagnóstica",SALUD,"2,100,000.00"
X_dnoyola25783,Identificación de marcadores de riesgo para el desarrollo de infección respiratoria severa en recién nacidos pretérmino,SALUD,"1,320,000.00"
X_rsolis3348,El componente P3a y su asociación con la conectividad fronto-estriatal como biomarcador de severidad y progresión en enfermedad de Parkinson,SALUD,"3,187,000.00"
X_bortiz21896,Efecto del grado de tabaquismo y del género en la expresión de miRNAs circulantes: implicaciones en su valor diagnóstico y en la patogénesis del cáncer pulmonar,SALUD,"1,980,000.00"
X_atrejo162796,ETIOLOGIA Y PREVALENCIA DE LA ENFERMEDAD RENAL CRÓNICA EN LA REGIÓN SOCONUSCO DEL ESTADO DE CHIAPAS,SALUD,"1,900,000.00"
X_vperez,Determinación de los metabolitos y enzimas de la vía de la kinurenina plasmática durante el envejecimiento y su correlación con marcadores de estrés oxidante,SALUD,"540,000.00"
X_jremes44909,"Riesgos, beneficios y efecto de una dieta sin gluten sobre la microbiota, el transito intestinal y el metabolismo",SALUD,"1,350,000.00"
X_acampos47395,Perfil de expresión asociado a respuesta a tratamientos sistémicos en Pacientes con Cáncer de mama metastásico,SALUD,"1,511,000.00"
X_yatisha1744,CARACTERIZACIÓN FENOTÍPICA DE LAS CÉLULAS MONONUCLEARES DE SANGRE PERIFÉRICA CON ALTA ACTIVIDAD DE LOS TRANSPORTADORES ABCB1 (P-gp) Y ABCG2 (BCRP) DE PACIENTES CON ARTRITIS REUMATOIDE TEMPRANA Y LUPUS ERITEMATOSO GENERALIZADO RESISTENTES A TRATAMIENTO,SALUD,"700,000.00"
X_jcantillo,Pruebas de viabilidad de una interfaz cerebro-computadora como herramienta para la rehabilitación neurológica de pacientes con EVC,SALUD,"750,000.00"
X_mhernandez9493,Diseño e implementación de un modelo de atención y vigilancia epidemiológica para la mejora de los servicios de atención maternal y perinatal,SALUD,"5,000,000.00"
X_mtusie14179,MECANISMOS VINCULADOS A LA PROGRAMACIÓN FETAL Y SU IMPACTO EN EL DESARROLLO DE ENFERMEDADES CRONICAS EN EL ADULTO,SALUD,"2,650,000.00"
X_rsanchez175541,Innovación de un sustituto biológico de piel utilizando células troncales mesenquimales y nanaopartículas de plata para el tratamiento de lesiones cutáneas,SALUD,"750,000.00"
X_pyescas25614,"CARACTERIZACIÓN DEL ESPECTRO CLÍNICO, BIOQUÍMICO Y MOLECULAR DE LA ESCLEROSIS LATERAL AMIOTROFICA",SALUD,"2,500,000.00"
X_mmorales8676,Perfil inmunogenético en pacientes diagnosticados con espectro autista de origen mexicano.,SALUD,"740,000.00"
X_ABurguete,CORRELACIÓN DE LA DIVERSIDAD GENÉTICA DE LA MICROBIOTA INTESTINAL DEPENDIENTE DE PATRONES DE ALIMENTACIÓN Y LA PREVALENCIA DE GENES DE RESISTENCIA ANTIMICROBIANA Y ELEMENTOS CO-SELECCIONADOS EN POBLACIÓN INFANTIL,SALUD,"2,000,000.00"
X_ggutierrez171171,Fortalecimiento de la calidad en la atención primaria en instituciones de seguridad social a través de la Implementación de Guías de Práctica Clínica,SALUD,"1,000,000.00"
X_cpineda15010,"Red asistencial inter-hospitalaria centralizada para el diagnostico temprano, tratamiento y seguimiento de pacientes con artritis reumatoide",SALUD,"685,458.00"
X_cramirez43167,Patrones de crecimiento y alimentacion del nacimiento a los 7 años de vida y su relacion con adiposidad e indicadores de salud cardiometabolica a los 11 años de edad en una cohorte de nacimientos,SALUD,"2,762,068.00"
X_llopez176623,EVALUACION DE BIOMARCADORES BIOQUIMICOS Y GENETICOS PARA EL MONITOREO DEL PROGRESO DE LA DISTROFIA MUSCULAR DUCHENNE Y DETECCION DE PORTADORAS,SALUD,"669,600.00"
X_mvazquez123385,Ovitrampas letales con sustratos impregnados de hongos entomopatógenos e insecticidas para la vigilancia entomológica y control de Aedes aegypti vector de Dengue y Chikungunya en México,SALUD,"1,406,100.00"
X_emora25168,INTERVENCION PARA LA REDUCCION DEL ESTIGMA Y LA DISCRIMINACION HACIA LAS ENFERMEDADES MENTALES EN PERSONAL DE SALUD QUE LABORA EN INSTITUCIONES DE ATENCION.,SALUD,"1,187,150.00"
X_jmejia15632,Identificación de nuevos rearreglos génicos que causan la mayor incidencia y mayor mortalidad en la leucemia linfoblástica aguda de niños mexicanos,SALUD,"1,750,000.00"
X_cchaidez22313,Diseño e implementación de planes de control para garantizar la inocuidad de los alimentos que se ofrecen en escuelas de tiempo completo,SALUD,"2,000,000.00"
X_gcaire83610,"Programa de intervención para promover cambios en la dieta y actividad física y evaluar su impacto en el peso y grasa corporal, biomarcadores de la enfermedad y calidad de vida de mujeres sobrevivientes de cáncer de mama",SALUD,"1,663,400.00"
X_vbarbero162322,Efecto nutricio y molecular de la ingesta de lípidos bioactivos en pacientes con hígado graso no alcóholico,SALUD,"604,999.00"
X_mmartinez8874,"Grosor de la Intima Media Carotídea en Adolescentes con Historia Familiar de Cardiopatía Isquémica Prematura. Asociación con el Tamaño de LDL, Oxidabilidad de LDL y con las Isoformas de Lp(a).",SALUD,"231,722.00"
X_esalazar22152,Predictores de disfunción renal subclínica temprana utilizando biomarcadores glomerulares y tubulares en una cohorte de adultos con 8 años de seguimiento.,SALUD,"4,433,400.00"
X_mponce56178,Búsqueda de la asociación  entre la concentración de antígenos circulantes de la fase larvaria de Toxocara canis con los diferentes niveles de gravedad del asma en pacientes pediátricos.,SALUD,"1,100,000.00"
X_jorea123375,Efecto del tratamiento no farmacológico sobre el estado clínico y pronóstico del paciente con Insuficiencia Cardiaca y Respiratoria,SALUD,"1,621,850.00"
X_ybernal9512,Evaluación de la exposición a plaguicidas y su implicación en la salud de jornaleros indígenas huicholes,SALUD,"750,000.00"
X_mtorres77466,NEUROINFLAMACIÓN CRÓNICA DURANTE EL ENVEJECIMIENTO COMO FACTOR DE RIESGO DE ENFERMEDADES NEUROLÓGICAS: PARTICIPACIÓN DEL RECEPTOR DE HIDROCARBUROS DE ARILO EN ASTROGLIOSIS Y NEURODEGENERACIÓN,SALUD,"1,100,000.00"
X_aluna162309,"""Participación de GDF-11 como factor de regeneración muscular en ratas con obesidad sarcopénica asociada al envejecimiento bajo un régimen de ejercicio""",SALUD,"2,000,000.00"
X_hlopez36431,Análisis longitudinal de los determinantes y diseño de una estrategia integral de prevención de la transmisión vertical de VIH y sífilis congénita en México,SALUD,"2,983,000.00"
X_jcastaneda4249,Evaluación del perfil de expresión de miRNAs en pacientes con Artritis reumatoide temprana  y familiares con alto riesgo: Busqueda de marcadores diagnósticos y pronósticos de tratamiento,SALUD,"750,000.00"
X_gramirez25661,"Marcadores de depresión y de trastorno límite de la personalidad asociados a cambios en la neurogénesis 
con fines de diagnóstico",SALUD,"900,000.00"
X_ecanche,Identificación de polimorfismos en NRAMP asociados con la susceptibilidad al desarrollo de leishmaniosis cutánea localizada en la Península de Yucatán,SALUD,"750,000.00"
X_oarias44990,IDENTIFICACIÓN DE VARIANTES GENÉTICAS Y MARCADORES BIOQUÍMICOS EN LA ENFERMEDAD DE PARKINSON,SALUD,"750,000.00"
X_mortiz480,Identificación de biomarcadores derivados del tejido adiposo con utilidad potencial en el diagnóstico y pronóstico de riesgo cardiovascular del paciente obeso,SALUD,"1,500,000.00"
X_iquinones88045,Efecto de diferentes programas de entrenamiento de la marcha con órtesis robótica en individuos con lesión medular motora incompleta crónica,SALUD,"1,202,000.00"
X_smuniz103826,"RRM1 Y hENT, Biomarcadores de respuesta al tratamiento con Gemcitabina en pacientes con Mesotelioma Pleural Maligno",SALUD,"820,000.00"
X_mvaldes21293,Factores de riesgo genéticos y ambientales relacionados con displasia de cadera en pacientes mexicanos.,SALUD,"660,000.00"
X_mromero83531,Identificación de Adenovirus adipogénicos y su relación con polimorfismos genéticos del metabolismo de lípidos y regulación termogénica en pacientes con obesidad mórbida,SALUD,"1,400,000.00"
X_jvelazquez161000,PREVALENCIA DE MUTACIONES PATOGÉNICAS EN EL GEN IRF6 RESPONSABLES DEL SÍNDROME DE VAN DER WOUDE EN PACIENTES MEXICANOS CON DIAGNÓSTICO CLÍNICO DE LABIO PALADAR HENDIDO AISLADO,SALUD,"400,000.00"
X_ymelgarejo2430,"Sistematización del aislamiento, preservación y diferenciación de células troncales y su potencial para aplicación en rehabilitación",SALUD,"1,050,000.00"
X_ltorres98219,TOXICIDAD ASOCIADA A VARIANTES ALÉLICAS EN GENES DE CYP450  DE PACIENTES PEDIATRICOS CON TUMORES SOLIDOS EMBRIONARIOS TRATADOS CON IFOSFAMIDA.,SALUD,"750,000.00"
X_mmolina6935,Análisis de la expresión intratumoral de transportadores de membrana y enzimas del citocromo P450 en sarcomas de tejido blando en niños y adolescentes.,SALUD,"750,000.00"
X_lsoto943,Relación entre la carga proviral de VIH-1 y la activación inmune en individuos en tratamiento y persistentemente indetectables.,SALUD,"2,220,332.00"
X_iarrieta30566,Efecto hipoglucemiante del cacalol en un modelo de ratón transgénico de la Enfermedad de Alzheimer: Implicaciones terapéuticas para la demencia agravada por diabetes,SALUD,"750,000.00"
X_rmarin7185,"Prevalencia de VIH, hepatitis C, hepatitis B y sífilis en consumidores de drogas no inyectables de Centros Residenciales de Ayuda Mutua para la atención de las adicciones",SALUD,"1,316,416.00"
X_jsandoval13348,"Papel de la enzima convertidora de angiotensina-2, y de la angiotensina 1-7, en la fisiopatología de la falla ventricular derecha de la hipertensión arterial pulmonar y su respuesta al tratamiento",SALUD,"800,000.00"
X_mescamilla50159,Metabolomica en obesidad y  su interacción con el medio ambiente,SALUD,"2,383,080.00"
,CIDE,"   Fondo Sectorial CONACYT-SENER-HIDROCARBUROS, Hidrocarburos","755,000.00"
,UABC,"   Fondo Sectorial CONACYT-SENER-HIDROCARBUROS, Hidrocarburos","1,578,650.00"
,"DGEST, ITCelaya","   Fondo Sectorial CONACYT-SENER-HIDROCARBUROS, Hidrocarburos","7,537,668.30"
,"UAM, Izt","   Fondo Sectorial CONACYT-SENER-HIDROCARBUROS, Hidrocarburos","3,757,402.00"
,Ciateq,"   Fondo Sectorial CONACYT-SENER-HIDROCARBUROS, Hidrocarburos","58,712,466.14"
,Ciatec,"   Fondo Sectorial CONACYT-SENER-HIDROCARBUROS, Hidrocarburos","8,266,279.00"
,Ciateq,"   Fondo Sectorial CONACYT-SENER-HIDROCARBUROS, Hidrocarburos","5,386,358.00"
,"IPN, CICATA, DF","   Fondo Sectorial CONACYT-SENER-HIDROCARBUROS, Hidrocarburos","26,600,000.00"
,ININ,"   Fondo Sectorial CONACYT-SENER-HIDROCARBUROS, Hidrocarburos","3,917,600.00"
,IPICYT,"   Fondo Sectorial CONACYT-SENER-HIDROCARBUROS, Hidrocarburos","931,388.00"
,"UNAM,CIC,FQ","   Fondo Sectorial CONACYT-SENER-HIDROCARBUROS, Hidrocarburos","38,818,000.00"
,UAQ,"   Fondo Sectorial CONACYT-SENER-HIDROCARBUROS, Hidrocarburos","7,527,800.00"
,"CINVESTAV,DF","   Fondo Sectorial CONACYT-SENER-HIDROCARBUROS, Hidrocarburos","8,810,000.00"
,"UNAM,CIC,ICF","   Fondo Sectorial CONACYT-SENER-HIDROCARBUROS, Hidrocarburos","59,662,642.00"
,ININ,"   Fondo Sectorial CONACYT-SENER-HIDROCARBUROS, Hidrocarburos","9,286,679.00"
,"UNAM, FI","   Fondo Sectorial CONACYT-SENER-HIDROCARBUROS, Hidrocarburos","13,445,000.00"
,CIMAV,"   Fondo Sectorial CONACYT-SENER-HIDROCARBUROS, Hidrocarburos","20,642,300.00"
,UACoah,"   Fondo Sectorial CONACYT-SENER-HIDROCARBUROS, Hidrocarburos","107,792,454.80"
,UANoroeste,"   Fondo Sectorial CONACYT-SENER-HIDROCARBUROS, Hidrocarburos","113,197,000.00"
,"UNAM,CIC,FI","   Fondo Sectorial CONACYT-SENER-HIDROCARBUROS, Hidrocarburos","26,220,405.73"
,IIE,"   Fondo Sectorial CONACYT-SENER-HIDROCARBUROS, Hidrocarburos","36,078,559.00"
,CIDETEQ,"   Fondo Sectorial CONACYT-SENER-HIDROCARBUROS, Hidrocarburos","5,055,000.00"
,"UNAM,CIC,FI","   Fondo Sectorial CONACYT-SENER-HIDROCARBUROS, Hidrocarburos","12,595,000.00"
,CIDETEQ,"   Fondo Sectorial CONACYT-SENER-HIDROCARBUROS, Hidrocarburos","5,960,000.00"
,"UAM,Cuaj","   Fondo Sectorial CONACYT-SENER-HIDROCARBUROS, Hidrocarburos","1,388,000.00"
,"IPN,CMPL","   Fondo Sectorial CONACYT-SENER-HIDROCARBUROS, Hidrocarburos","6,928,000.00"
,"DGEST, ITO","   Fondo Sectorial CONACYT-SENER-HIDROCARBUROS, Hidrocarburos","5,129,400.00"
,CIATEJ,"   Fondo Sectorial CONACYT-SENER-HIDROCARBUROS, Hidrocarburos","19,926,266.00"
,UTSon,"   Fondo Sectorial CONACYT-SENER-HIDROCARBUROS, Hidrocarburos","19,253,639.00"
,UPChontalpa,"   Fondo Sectorial CONACYT-SENER-HIDROCARBUROS, Hidrocarburos","10,135,383.00"
,"DGEST, ITD","   Fondo Sectorial CONACYT-SENER-HIDROCARBUROS, Hidrocarburos","4,204,500.00"
,UANL,"   Fondo Sectorial CONACYT-SENER-HIDROCARBUROS, Hidrocarburos","8,049,456.80"
,FLACSO,"   Fondo Sectorial CONACYT-SENER-HIDROCARBUROS, Hidrocarburos","16,613,772.00"
,"DGEST, ITLaguna","   Fondo Sectorial CONACYT-SENER-HIDROCARBUROS, Hidrocarburos","1,575,300.00"
,"UNAM, CIC, II","   Fondo Sectorial CONACYT-SENER-HIDROCARBUROS, Hidrocarburos","2,285,000.00"
,"UNAM, CIC, IIEco","   Fondo Sectorial CONACYT-SENER-HIDROCARBUROS, Hidrocarburos","81,437,864.00"
,"IPN, Cinvestav,Gdl","   Fondo Sectorial CONACYT-SENER-HIDROCARBUROS, Hidrocarburos","43,256,410.50"
,CIATEJ,"   Fondo Sectorial CONACYT-SENER-HIDROCARBUROS, Hidrocarburos","92,655,726.76"
,IPICYT,"   Fondo Sectorial CONACYT-SENER-HIDROCARBUROS, Hidrocarburos","104,492,977.52"
,IPICYT,"   Fondo Sectorial CONACYT-SENER-HIDROCARBUROS, Hidrocarburos","380,795,787.48"
,"UNAM, CIC, II","   Fondo Sectorial CONACYT-SENER-HIDROCARBUROS, Hidrocarburos","348,650,400.00"
,"UNAM,CIC,FI","   Fondo Sectorial CONACYT-SENER-HIDROCARBUROS, Hidrocarburos","7,499,499.00"
,UNICACh,"   Fondo Sectorial CONACYT-SENER-HIDROCARBUROS, Hidrocarburos","12,280,000.00"
,"UNAM,CIC,FA","   Fondo Sectorial CONACYT-SENER-HIDROCARBUROS, Hidrocarburos","2,271,024.00"
,UAQ,"   Fondo Sectorial CONACYT-SENER-HIDROCARBUROS, Hidrocarburos","16,038,268.91"
,"UNAM, CIC, FA","   Fondo Sectorial CONACYT-SENER-HIDROCARBUROS, Hidrocarburos","27,945,643.60"
,UdeG,"   Fondo Sectorial CONACYT-SENER-HIDROCARBUROS, Hidrocarburos","3,205,000.00"
,"ITESM, Gdl","   Fondo Sectorial CONACYT-SENER-HIDROCARBUROS, Hidrocarburos","580,000.00"
,UACM,"   Fondo Sectorial CONACYT-SENER-HIDROCARBUROS, Hidrocarburos","8,371,768.00"
,"DGEST, ITTantoyuca","   Fondo Sectorial CONACYT-SENER-HIDROCARBUROS, Hidrocarburos","2,471,000.00"
,"IPN, CMPL","   Fondo Sectorial CONACYT-SENER-HIDROCARBUROS, Hidrocarburos","39,429,992.00"
,ITConstrucción,"   Fondo Sectorial CONACYT-SENER-HIDROCARBUROS, Hidrocarburos","61,232,652.00"
,UANL,"   Fondo Sectorial CONACYT-SENER-HIDROCARBUROS, Hidrocarburos","7,595,400.00"
,"IPN,CINVESTAV,Hgo","   Fondo Sectorial CONACYT-SENER-HIDROCARBUROS, Hidrocarburos","27,017,871.00"
,"UNAM,CIC,Geoc","   Fondo Sectorial CONACYT-SENER-HIDROCARBUROS, Hidrocarburos","59,476,366.00"
,"ITESM, Mty","   Fondo Sectorial CONACYT-SENER-HIDROCARBUROS, Hidrocarburos","328,154,558.00"
,CICY,"   Fondo Sectorial CONACYT-SENER-HIDROCARBUROS, Hidrocarburos","2,460,000.00"
,"Instituto de Investigaciones en Matemáticas Aplicadas  y Sistemas
(IIMAS-UNAM)","Fondo Sectorial de Invstigación, Desarrollo Tecnológico e Innovación del Ejército y Fuerza Aérea Mexicanos 
CONACYT – SEDENA

","54,869,167.84"
,SECRETARIA DE MARINA / INSTITUTO DE INVESTIGACION Y DESARROLLO TECNOLOGICO DE LA ARMADA DE MEXICO ,"Fondo Sectorial de Invstigación, Desarrollo Tecnológico e Innovación del Ejército y Fuerza Aérea Mexicanos 
CONACYT – SEDENA

","62,000,000.00"
,"MANUFACTURA Y SERVICIO SOGO HERMOSILLO, S.A. DE C.V.",Fondo de Innovación Tecnológica SE-CONACYT (FIT),"5,000,000.00"
,INMATERIIS S.A. DE C.V.,Fondo de Innovación Tecnológica SE-CONACYT (FIT),"4,995,278.90"
,BIOLOGIA MOLECULAR DIAGNOSTICA SA DE CV,Fondo de Innovación Tecnológica SE-CONACYT (FIT),"1,407,125.95"
,QUÍMICA TECH S.A. DE C.V.,Fondo de Innovación Tecnológica SE-CONACYT (FIT),"938,000.00"
,"  Centro de Investigacion en Polimeros, S.A. de C.V.",Fondo de Innovación Tecnológica SE-CONACYT (FIT),"1,511,301.30"
,"INDUPLAS DE OCCIDENTE, S.A. DE C.V.",Fondo de Innovación Tecnológica SE-CONACYT (FIT),"5,009,960.00"
,DIFUSION TEXTIL INTEGRAL SA DE CV,Fondo de Innovación Tecnológica SE-CONACYT (FIT),"500,000.00"
,"RODRIGUEZ TORALES, JORGE LUIS",Fondo de Innovación Tecnológica SE-CONACYT (FIT),"2,207,500.00"
,"ECLIPSE CONSTRUCCIONES INDUSTRIALES, S.A. DE C.V.",Fondo de Innovación Tecnológica SE-CONACYT (FIT),"1,270,000.00"
,SERVICIOS Y OPERACIONES INTEGRALES S.A. DE C.V.,Fondo de Innovación Tecnológica SE-CONACYT (FIT),"4,802,845.00"
,GRUPO HERE SA DE CV,Fondo de Innovación Tecnológica SE-CONACYT (FIT),"1,834,000.00"
,"RUHRPUMPEN INDUSTRIAL, S.A. DE C.V.",Fondo de Innovación Tecnológica SE-CONACYT (FIT),"3,600,677.20"
,"ARIA SPECIALTIES, S.A. DE C.V.",Fondo de Innovación Tecnológica SE-CONACYT (FIT),"3,741,000.00"
,"HAKKEN ENTERPRISE, S.A. DE C.V.",Fondo de Innovación Tecnológica SE-CONACYT (FIT),"4,973,000.00"
,LIFESTYLE & TECHNOLOGY S.A. DE C.V.,Fondo de Innovación Tecnológica SE-CONACYT (FIT),"3,078,500.00"
,"A TU SALUD, S.A. DE C.V.",Fondo de Innovación Tecnológica SE-CONACYT (FIT),"665,743.40"
,RHEOMOD DE MEXICO S.A.P.I. DE C.V.,Fondo de Innovación Tecnológica SE-CONACYT (FIT),"4,765,838.00"
,Kronos DTA S.A. de C.V.,Fondo de Innovación Tecnológica SE-CONACYT (FIT),"4,027,910.00"
,"BECERRIL CHAVEZ,FERNANDO",Fondo de Innovación Tecnológica SE-CONACYT (FIT),"1,456,162.50"
,ENERGÍA SUMINISTROS E INSTALACIONES S.A DE C.V,Fondo de Innovación Tecnológica SE-CONACYT (FIT),"6,990,000.00"
,MACSE SA DE CV,Fondo de Innovación Tecnológica SE-CONACYT (FIT),"1,504,520.00"
,SOLUCIONES EN DISPOSITIVOS MEDICOS S DE RL DE CV,Fondo de Innovación Tecnológica SE-CONACYT (FIT),"3,430,925.00"
,TECHGO S DE RL DE CV,Fondo de Innovación Tecnológica SE-CONACYT (FIT),"2,254,000.00"
,HORIZONTEC S.A DE C.V,Fondo de Innovación Tecnológica SE-CONACYT (FIT),"5,000,000.00"
,IBUILTEC S DE RL DE CV,Fondo de Innovación Tecnológica SE-CONACYT (FIT),"2,984,000.00"
,Biotecnología Mexicana de Microalgas S.A. de C.V.,Fondo de Innovación Tecnológica SE-CONACYT (FIT),"4,000,000.00"
,Tecnología Ambiental Biomex S.A. de C.V.,Fondo de Innovación Tecnológica SE-CONACYT (FIT),"4,277,000.00"
,Gama3D S de R.L. de C.V.,Fondo de Innovación Tecnológica SE-CONACYT (FIT),"700,000.00"
,"Corporación Industrial Uruapan, S.A. de C.V.",Fondo de Innovación Tecnológica SE-CONACYT (FIT),"4,988,002.26"
,"Garcomex, S.A. de C.V.",Fondo de Innovación Tecnológica SE-CONACYT (FIT),"4,350,000.00"
,Axeleratum S.A. de C.V.,Fondo de Innovación Tecnológica SE-CONACYT (FIT),"4,135,237.00"
,Semka Biomedical Technologies S.A.P.I. de C.V,Fondo de Innovación Tecnológica SE-CONACYT (FIT),"2,802,200.00"
,"Energías Alternas, Estudios y Proyectos S.A. de C.V.",Fondo de Innovación Tecnológica SE-CONACYT (FIT),"5,705,922.89"
,Gomotion S.A. de C.V.,Fondo de Innovación Tecnológica SE-CONACYT (FIT),"3,304,896.84"
,"Lufac Computación, S.A. de C.V.",Fondo de Innovación Tecnológica SE-CONACYT (FIT),"1,250,000.00"
,Crear Innovar Desarrollar S.A. de C.V.,Fondo de Innovación Tecnológica SE-CONACYT (FIT),"1,000,000.00"
,"Mercantica, S.A. de C.V.",Fondo de Innovación Tecnológica SE-CONACYT (FIT),"3,230,000.00"
,Vitagénesis S.A. de C.V.,Fondo de Innovación Tecnológica SE-CONACYT (FIT),"2,990,500.00"
,Sistemas Industriales Automatizados S.A de C.V.,Fondo de Innovación Tecnológica SE-CONACYT (FIT),"4,749,059.00"
,Sistemas Industriales Automatizados S.A de C.V.,Fondo de Innovación Tecnológica SE-CONACYT (FIT),"4,950,059.00"
,Transportes Online S. de R.L. de C.V.,Fondo de Innovación Tecnológica SE-CONACYT (FIT),"6,865,285.88"
,"Transportes Y Servicios Logistics Up, S. de R.L. de C.V.",Fondo de Innovación Tecnológica SE-CONACYT (FIT),"6,818,378.07"
,"Engtechnik, S.A. de C.V.",Fondo de Innovación Tecnológica SE-CONACYT (FIT),"4,361,877.00"
,"Innfohealth Systems, S.A. de C.V.",Fondo de Innovación Tecnológica SE-CONACYT (FIT),"2,224,880.00"
,"Alfa Grupo Tecnológico, S.A. de C.V.",Fondo de Innovación Tecnológica SE-CONACYT (FIT),"4,990,000.00"
,"Sigma Solutions Commerce Group, S.A. de C.V.",Fondo de Innovación Tecnológica SE-CONACYT (FIT),"3,159,752.26"
,El Correo de Moctezuma S.A. de C.V.,Fondo de Innovación Tecnológica SE-CONACYT (FIT),"1,299,476.00"
,Ecológico Tierra Viva S.P.R. de R.L. de C.V.,Fondo de Innovación Tecnológica SE-CONACYT (FIT),"2,879,378.50"
,Sustentabilidad en Energía y Medio Ambiente S.A. de C.V.,Fondo de Innovación Tecnológica SE-CONACYT (FIT),"625,100.00"
,Gersa Monterrey S.A de C.V.,Fondo de Innovación Tecnológica SE-CONACYT (FIT),"4,500,000.00"
,RELBAC EREVNA S DE RL DE CV,Fondo de Innovación Tecnológica SE-CONACYT (FIT),"4,342,604.00"
,CREATO TECNOLOGIAS S.A. DE C.V.,Fondo de Innovación Tecnológica SE-CONACYT (FIT),"2,467,800.00"
,SOLARSNAPS SAPI DE CV,Fondo de Innovación Tecnológica SE-CONACYT (FIT),"5,000,000.00"
,YKK GRUPO TECNOLOGICO SA DE CV,Fondo de Innovación Tecnológica SE-CONACYT (FIT),"4,625,545.00"
,"SOMERSET TECHNOLOGIES, S.A. DE C.V.",Fondo de Innovación Tecnológica SE-CONACYT (FIT),"4,997,198.00"
,Captiva Tecnología Digital S.A. de C.V.,Fondo Institucional (FOINS),"6,081,387.63"
,"Mercantica, S.A. de C.V.",Fondo Institucional (FOINS),"5,080,500.00"
,ERCUS S.A. de C.V.,Fondo Institucional (FOINS),"7,371,290.00"
,"LIDAG, S.A. de C.V.",Fondo Institucional (FOINS),"3,750,000.00"
,"Grupo Promotor Aries, S.A. de C.V.",Fondo de Cooperación Internacional de Ciencia y Tecnología (FONCICYT),"6,442,860.00"
,Proyecto Medra S.A. de C.V.,Fondo de Cooperación Internacional de Ciencia y Tecnología (FONCICYT),"9,320,925.00"
,Blue Genetics México S.A de C.V.,Fondo de Cooperación Internacional de Ciencia y Tecnología (FONCICYT),"9,989,648.00"
,"Solexvintel, S.A. de C.V.",Fondo de Cooperación Internacional de Ciencia y Tecnología (FONCICYT),"7,021,841.25"
,UNIVERSIDAD MICHOACANA DE SAN NICOLAS DE HIDALGO,Fondo de Cooperación Internacional de Ciencia y Tecnología (FONCICYT),"1,540,000.00"
,UNIVERSIDAD AUTONOMA DE NUEVO LEON,Fondo de Cooperación Internacional de Ciencia y Tecnología (FONCICYT),"1,540,000.00"
,UNIVERSIDAD AUTONOMA DEL ESTADO DE MORELOS,Fondo de Cooperación Internacional de Ciencia y Tecnología (FONCICYT),"984,291.00"
,INSTITUTO TECNOLÓGICO Y DE ESTUDIOS SUPERIORES DE MONTERREY,Fondo de Cooperación Internacional de Ciencia y Tecnología (FONCICYT),"1,440,767.00"
,UNIVERSIDAD NACIONAL AUTONOMA DE MEXICO / COORDINACION DE INVESTIGACION CIENTIFICA / INSTITUTO DE INVESTIGACIONES EN MATEMÁTICAS APLICADAS Y EN SISTEMAS,Fondo de Cooperación Internacional de Ciencia y Tecnología (FONCICYT),"1,595,016.50"
,UNIVERSIDAD NACIONAL AUTONOMA DE MEXICO / COORDINACION DE INVESTIGACION CIENTIFICA / FACULTAD DE MEDICINA  VETERINARIA Y ZOOTECNIA,Fondo de Cooperación Internacional de Ciencia y Tecnología (FONCICYT),"975,000.00"
,INSTITUTO TECNOLÓGICO Y DE ESTUDIOS SUPERIORES DE MONTERREY / CAMPUS MONTERREY,Fondo de Cooperación Internacional de Ciencia y Tecnología (FONCICYT),"1,540,000.00"
,UNIVERSIDAD NACIONAL AUTONOMA DE MEXICO / COORDINACION DE INVESTIGACION CIENTIFICA / INSTITUTO DE INVESTIGACIONES EN MATERIALES,Fondo de Cooperación Internacional de Ciencia y Tecnología (FONCICYT),"1,539,970.00"
,CENTRO DE INGENIERIA Y DESARROLLO INDUSTRIAL,Fondo de Cooperación Internacional de Ciencia y Tecnología (FONCICYT),"1,442,800.00"
,CENTRO DE INVESTIGACION Y DESARROLLO TECNOLOGICO EN ELECTROQUIMICA SC,Fondo de Cooperación Internacional de Ciencia y Tecnología (FONCICYT),"1,554,900.00"
,"Instituto Tecnológico Superior De Venustiano Carranza
","Fondo Sectorial de Investigación en Materias Agrícola, Pecuaria, Acuacultura, Agrobiotecnología y Recursos Fitogenéticos. Fondo SAGARPA-CONACYT ","1,341,500.00"
,Universidad Nacional Autónoma de México / Coordinación de Investigación Científica / Centro de Investigaciones en Ecosistemas (UNAM),"Fondo Sectorial para la Investigación, 
el Desarrollo y la Innovación 
Tecnológica Forestal
CONAFOR-CONACYT ","7,566,000.00"
,"Instituto Nacional de Investigaciones Forestales, Agrícolas y Pecuarias (INIFAP)","Fondo Sectorial para la Investigación, 
el Desarrollo y la Innovación 
Tecnológica Forestal
CONAFOR-CONACYT ","3,761,776.00"
,Universidad Juárez del Estado de Durango (UJED),"Fondo Sectorial para la Investigación, 
el Desarrollo y la Innovación 
Tecnológica Forestal
CONAFOR-CONACYT ","7,503,204.16"
,Instituto Potosino de Investigación Científica y Tecnológica AC  (IPICYT),"Fondo Sectorial para la Investigación, 
el Desarrollo y la Innovación 
Tecnológica Forestal
CONAFOR-CONACYT ","1,672,000.00"
,"Instituto de Ecología, A.C. (INECOL)","Fondo Sectorial para la Investigación, 
el Desarrollo y la Innovación 
Tecnológica Forestal
CONAFOR-CONACYT ","4,000,000.00"
,Centro de Ingeniería y Desarrollo Industrial (CIDESI),"Fondo Sectorial de Investigación para el Desarrollo Aeroportuario y la Navegación Aérea  ASA-CONACYT
","2,401,050.00"
,Universidad Nacional Autónoma de México /  Centro de Ciencias Aplicadas y Desarrollo Tecnológico,"Fondo Sectorial de Investigación para el Desarrollo Aeroportuario y la Navegación Aérea  ASA-CONACYT
","2,540,000.00"
,Universidad la Salle AC,"Fondo Sectorial de Investigación para el Desarrollo Aeroportuario y la Navegación Aérea  ASA-CONACYT
","1,210,000.00"
,"Transportes y Servicios Logistics UP, S. de R.L. de C.V.","Fondo Sectorial de Investigación para el Desarrollo Aeroportuario y la Navegación Aérea  ASA-CONACYT
","4,290,840.00"
,Productores de Flores Selectas de Tequexquinahuac SPR de RL de CV (OT Cambiotec AC),Fondo Sectorial de Innovación FINNOVA,"100,000.00"
,Productores de Flores Selectas de Tequexquinahuac SPR de RL de CV (OT Cambiotec AC),Fondo Sectorial de Innovación FINNOVA,"100,000.00"
,Inteligencia Comercial Aplicada S.C. (OT Noorcus Innovation S. de R.L. de C.V. ),Fondo Sectorial de Innovación FINNOVA,"300,000.00"
,Ymplanto Expandible Osteo Dental S. de RL de C.V. (OT Alandra Medical SAPI de C.V. ),Fondo Sectorial de Innovación FINNOVA,"300,000.00"
,Centro de Investigación y de Estudios Avanazados del IPN / Unidad Saltillo ,Fondo Sectorial de Innovación FINNOVA,"2,978,223.96"
,Tecnología y Diseño Industrial SAPI de C.V. (OT Centro de Investigación y Asistencia en Tecnología y diseño del Estado de Jalisco A.C.),Fondo Sectorial de Innovación FINNOVA,"129,768.00"
,Nodus Proactive Network Dynamics SC,Fondo Sectorial de Innovación FINNOVA,"281,470.00"
,Nodus Proactive Network Dynamics SC,Fondo Sectorial de Innovación FINNOVA,"285,740.00"
,Medicatrix S.A. de C.V. (OT Alianza para el desarrollo tecnológico SA. De C.V.),Fondo Sectorial de Innovación FINNOVA,"292,729.41"
,Mogucast Innovación e Ideas Estratégicas A.C. (OT Novomanía Consultores S.A. de C.V. ),Fondo Sectorial de Innovación FINNOVA,"300,000.00"
,Fertilizante  Natural Obtenido por Lombricomposteo S.A. de C.V. (OT Nodus Proactive Network Dynamics S.C. ),Fondo Sectorial de Innovación FINNOVA,"285,740.00"
,PH Services R&D S.A. de C.V. (OT Operadora de Bienes y Servicios de la Universidad Politécnica de Pachuca S.C. ),Fondo Sectorial de Innovación FINNOVA,"299,250.00"
,PH Services R&D S.A. de C.V. (OT Operadora de Bienes y Servicios de la Universidad Politécnica de Pachuca S.C. ),Fondo Sectorial de Innovación FINNOVA,"599,200.00"
,Blue Beats S.A. de C.V. (OT Universidad del Mayab S.C. ),Fondo Sectorial de Innovación FINNOVA,"490,000.00"
,Industrial de Grasas y Derivados S.A. de C.V. (OT Innovacci SAPI de C.V.),Fondo Sectorial de Innovación FINNOVA,"259,840.00"
,Ekoten S.A. de C.V. (OT Innovación Estrategia y Transferencia Tecnológica A.C.),Fondo Sectorial de Innovación FINNOVA,"900,000.00"
,Emot Ingeniería S.A. de C.V. (OT Universidad del Mayab SC),Fondo Sectorial de Innovación FINNOVA,"180,484.84"
,Macse S.A. de C.V. (OT Nodus Proactive Network Dynamics SC),Fondo Sectorial de Innovación FINNOVA,"285,740.00"
,Centro Lavin para el Desarrollo de innovación y transferencia tecnológica S. de R.L.,Fondo Sectorial de Innovación FINNOVA,"2,998,600.00"
,Centro Lavin para el Desarrollo de innovación y transferencia tecnológica S. de R.L.,Fondo Sectorial de Innovación FINNOVA,"2,923,900.00"
,Centro Lavin para el Desarrollo de innovación y transferencia tecnológica S. de R.L.,Fondo Sectorial de Innovación FINNOVA,"2,975,000.00"
,Cámara de la Industria de la Transformación de Nuevo León,Fondo Sectorial de Innovación FINNOVA,"2,898,000.00"
,Sistemas Industriales Automatizados S.A. de C.V.,Fondo Sectorial de Innovación FINNOVA,"2,909,999.82"
,Rotoinnovación SA. De C.V. ,Fondo Sectorial de Innovación FINNOVA,"3,000,000.00"
,Cuvisar S.A. de C.V. ,Fondo Sectorial de Innovación FINNOVA,"2,308,000.00"
,Agencia de Innovación del Municipio de Toluca AC,Fondo Sectorial de Innovación FINNOVA,"2,999,996.00"
,Ciatec A.C.,Fondo Sectorial de Innovación FINNOVA,"1,420,000.00"
,Centro Latinoamericano de Innovación en Logística México AC,Fondo Sectorial de Innovación FINNOVA,"2,999,600.00"
,Nutravia S.A. de CV. ,Fondo Sectorial de Innovación FINNOVA,"2,989,640.00"
,Centro de Investigación en Polímeros S.A de C.V. ,Fondo Sectorial de Innovación FINNOVA,"3,000,000.00"
,Innovimiento AC. ,Fondo Sectorial de Innovación FINNOVA,"2,494,934.00"
,Cluster Biotecnológico del Estado de Nuevo Léon A.C. ,Fondo Sectorial de Innovación FINNOVA,"3,389,722.00"
,Fideicomiso del Espacio Cultural y Educativo Betlemitas ,Fondo Sectorial de Innovación FINNOVA,"2,771,489.00"
,Innovación y Alto desempeño en composites SAPI de CV,Fondo Sectorial de Innovación FINNOVA,"60,000.00"
,Servicios Gabagom S.A. de C.V. ,Fondo Sectorial de Innovación FINNOVA,"250,000.00"
,Servicios Gabagom S.A. de C.V. ,Fondo Sectorial de Innovación FINNOVA,"150,000.00"
,Tecnología y productos especiales S.A. de C.V. ,Fondo Sectorial de Innovación FINNOVA,"118,784.00"
,Corporación Wolfgang S. de RL de C.V. ,Fondo Sectorial de Innovación FINNOVA,"248,640.00"
,Nacional de Alimentos y Helados SA. De C.V.,Fondo Sectorial de Innovación FINNOVA,"150,000.00"
,Centro Empresarial Bosques S.A. de C.V.,Fondo Sectorial de Innovación FINNOVA,"120,000.00"
,Koppert México S.A. de C.V. ,Fondo Sectorial de Innovación FINNOVA,"22,416.48"
,Koppert México S.A. de C.V. ,Fondo Sectorial de Innovación FINNOVA,"54,659.84"
,Fertilizante Natural Obtenido por Lombricomposteo SA de C.V. ,Fondo Sectorial de Innovación FINNOVA,"216,000.00"
,Autotraffic S.A. de C.V. ,Fondo Sectorial de Innovación FINNOVA,"250,000.00"
,Repinel Electric Solutions and Automation Systems S.A. de C.V. ,Fondo Sectorial de Innovación FINNOVA,"150,000.00"
,SEDIPSSA Comercializadora S.A. de C.V. ,Fondo Sectorial de Innovación FINNOVA,"115,200.00"
,"Catecna Negocios Tecnológicos S.A. de C.,V. ",Fondo Sectorial de Innovación FINNOVA,"150,000.00"
,ITE Soluciones S.A. de C.V. ,Fondo Sectorial de Innovación FINNOVA,"120,268.80"
,Promotora y Consultoria de Proyectos Tecnológicos y Científicos S.A de C.V. ,Fondo Sectorial de Innovación FINNOVA,"216,853.20"
,Bibliotecas Genómicas S.A. de C.V. ,Fondo Sectorial de Innovación FINNOVA,"216,853.20"
,Innfohealth Systems S.A. de C.V. ,Fondo Sectorial de Innovación FINNOVA,"120,000.00"
,Internet Architects Consulting SC. ,Fondo Sectorial de Innovación FINNOVA,"120,000.00"
,Internet Architects Consulting SC. ,Fondo Sectorial de Innovación FINNOVA,"180,152.00"
,Finanport S.A. de C.V. ,Fondo Sectorial de Innovación FINNOVA,"216,853.20"
,Dynamics Group Tech S.C.,Fondo Sectorial de Innovación FINNOVA,"144,000.00"
,Energía Suministros e Instalaciones S.A de C.V. ,Fondo Sectorial de Innovación FINNOVA,"244,899.00"
,Wilbert Hau y Asociados SCP,Fondo Sectorial de Innovación FINNOVA,"241,248.00"
,Talleres y Remolques del Lerma S.A de C.V. ,Fondo Sectorial de Innovación FINNOVA,"223,315.00"
,Vivas Ingeniería Alternativa S.A. de C.V. ,Fondo Sectorial de Innovación FINNOVA,"231,306.00"
,Biofertlizantes Mexicanos S.A. de C.V.,Fondo Sectorial de Innovación FINNOVA,"915,000.00"
,Centro de Investigaciones Biológicas del Noroeste S.C.,Fondo Sectorial de Innovación FINNOVA,"30,000.00"
,Genyka Diagnóstico SAPI de C.V.,Fondo Sectorial de Innovación FINNOVA,"830,000.00"
,Universidad Politécnica de Pachuca,Fondo Sectorial de Innovación FINNOVA,"266,000.00"
,Innovare R&D S.A. de C.V.  (OT SiP-Innovation S.C. ),Fondo Sectorial de Innovación FINNOVA,"100,000.00"
,Casal´s Internacional S.A. de C.V. (OT Total Technology Transfer and Comercialization SAPI de C.V. ),Fondo Sectorial de Innovación FINNOVA,"300,000.00"
,Universidad Nacional Autónoma de México ,Fondo Sectorial de Innovación FINNOVA,"2,000,000.00"
,Grupo Textil Cohen S.A. de C.V. (OT Centro Kappa de Conocimiento S.C.),Fondo Sectorial de Innovación FINNOVA,"900,000.00"
,Bioactivos y Nutraceuticos de México S.A. de C.V. (OT Universidad Nacional de Propiedad Intelectual A.C. ),Fondo Sectorial de Innovación FINNOVA,"900,000.00"
,Powerbyk S.A. de C.V. (OT Universidad Nacional de Propiedad Intelectual A.C. ),Fondo Sectorial de Innovación FINNOVA,"900,000.00"
,Comercializadora Juan Pablo  S.A. de C.V. (OT Centro Kappa de Conocimiento S.C. ),Fondo Sectorial de Innovación FINNOVA,"900,000.00"
,Promedes S.A. de C.V. ,Fondo Sectorial de Innovación FINNOVA,"900,000.00"
,Financial Applications S.A. de C.V. (OT Rotoinnovación S.A. de C.V. ),Fondo Sectorial de Innovación FINNOVA,"900,000.00"
,Oxical de Tecali S.A. de C.V. (OT Rotoinnovación S.A. de C.V. ),Fondo Sectorial de Innovación FINNOVA,"300,000.00"
,Movil Solar S.A. de C.V. (OT Tecnología Renovable de Mèxico S.A. de C.V. ),Fondo Sectorial de Innovación FINNOVA,"742,371.00"
,Clima-Flex S.A. de C.V. (OT Centro Lavín para el desarrollo de innovación y transferencia tecnológica S. de R.L.),Fondo Sectorial de Innovación FINNOVA,"900,000.00"
,Centro Educativo Comunitario Intregral Don Bosco A.C.(OT Centro Lavín para el Desarrollo de Innovación y Transferencia Tecnol,Fondo Sectorial de Innovación FINNOVA,"300,000.00"
,Ingenieria Aplicada para la Movilidad Humana SAPI de C.V (OT Incubaempresas A.C.),Fondo Sectorial de Innovación FINNOVA,"833,112.00"
,Seglo Mexicana SA. De C.V. (OT Desarrolladores de Negocios Basados en Tecnología S.A. de C.V. ),Fondo Sectorial de Innovación FINNOVA,"900,000.00"
,Intelliscience S.A. de C.V. (OT Nodus Proactive Network Dynamics S.C.),Fondo Sectorial de Innovación FINNOVA,"285,925.50"
,Fitokimica Industrial de México S.A de C.V. (OT Centro Kappa de Conocimiento S.C. ),Fondo Sectorial de Innovación FINNOVA,"900,000.00"
,T3-SAAS de México S.A. de C.V. (OT Centro Kappa de Conocimiento S.C. ),Fondo Sectorial de Innovación FINNOVA,"900,000.00"
,Greencorp Biorganiks de México S.A. de C.V. (OT Centro Kappa de Conocimiento S.C. ),Fondo Sectorial de Innovación FINNOVA,"900,000.00"
,Macse S.A. de C.V. (OT Nodus Proactive Network Dynamics S.C. ),Fondo Sectorial de Innovación FINNOVA,"261,590.00"
,Gaia Centro Evaluador para El Sector Productivo y Desarrollo de Capital Humano S.A. de C.V. (OT Nodus Proactive Network Dynamics S.C.),Fondo Sectorial de Innovación FINNOVA,"285,740.00"
,Intekel Tecnología de Automatización Industrial S.A. de C.V. ,Fondo Sectorial de Innovación FINNOVA,"872,060.00"
,Nanoingredientes Bioactivos S.A. de C.V. (OTCapio Techonologies S.A. de C.V. ),Fondo Sectorial de Innovación FINNOVA,"900,000.00"
,Clusmext S.A. de C.V. (OT Nodus Proactive Network Dynamics S.C.),Fondo Sectorial de Innovación FINNOVA,"598,200.40"
,Fertilizante Natural Obtenido Por los Lombricomposteo S.A. de C.V. (OT Nodus Proactive Network Dynamics S.C. ),Fondo Sectorial de Innovación FINNOVA,"261,590.00"
,Ketertech S.A. de C.V. (OT Nodus Proactive Network Dynamics S.C.),Fondo Sectorial de Innovación FINNOVA,"285,925.50"
,Gaia Centro Evaluador para El Sector Productivo y Desarrollo de Capital Humano S.A. de C.V. (OT Nodus Proactive Network Dynamics S.C.),Fondo Sectorial de Innovación FINNOVA,"283,220.00"
,Gaia Centro Evaluador para El Sector Productivo y Desarrollo de Capital Humano S.A. de C.V. (OT Nodus Proactive Network Dynamics S.C.),Fondo Sectorial de Innovación FINNOVA,"282,380.00"
,Rotoinnovación S.A. de C.V. (OT Cambiotec A.C. ),Fondo Sectorial de Innovación FINNOVA,"900,000.00"
,Clusmext S.A. de C.V. (OT Nodus Proactive Network Dynamics S.C.),Fondo Sectorial de Innovación FINNOVA,"285,925.50"
,Equipos GC S.A. de C.V. (OT Nodus Proactive Network Dynamics S.C.),Fondo Sectorial de Innovación FINNOVA,"261,590.00"
,Filtración Industrial Especializada S.A. de C.V. (OT Cuvisar S.A. de C.V. ),Fondo Sectorial de Innovación FINNOVA,"288,260.00"
,Filtración Industrial Especializada S.A. de C.V. (OT Cuvisar S.A. de C.V. ),Fondo Sectorial de Innovación FINNOVA,"294,224.00"
,Desarrollos Multimediales Interactivos S.A. de C.V. (OT Agencia de Innovación del Municipio de Toluca A.C. ),Fondo Sectorial de Innovación FINNOVA,"300,000.00"
,Ynbadi.Com S de RL MI (OT Tecnología Renovable de México S.A. de C.V. ),Fondo Sectorial de Innovación FINNOVA,"733,966.80"
,Espacios y Sitemas Inteligentes S.A. de C.V. (OT Steinbeis Mexico S.C. ),Fondo Sectorial de Innovación FINNOVA,"600,000.00"
,Total Technology Transfer and Comercialization SAPI,Fondo Sectorial de Innovación FINNOVA,"300,000.00"
,"Clarke , Modet y Compañía de México S.A. ",Fondo Sectorial de Innovación FINNOVA,"1,752,921.80"
,Universidad del Mayab S.C.,Fondo Sectorial de Innovación FINNOVA,"1,571,500.00"
,Novomania Consultores S.A. de C.V. ,Fondo Sectorial de Innovación FINNOVA,"2,996,497.54"
,Innovación y Competitividad S.A. de C.V. ,Fondo Sectorial de Innovación FINNOVA,"2,786,000.00"
,Centro de Investigación y Desarrollo Tecnológico en Electroquímica S.C. ,Fondo Sectorial de Innovación FINNOVA,"1,745,250.00"
,Deipi.Com S.A. de C.V. ,Fondo Sectorial de Innovación FINNOVA,"1,042,380.00"
,Operadora de Bienes y Servicios de la Universidad Politécnica de Pachuca S.C.,Fondo Sectorial de Innovación FINNOVA,"2,205,042.00"
,Desarrolladores de Negocios Basados en Tecnología S.A. de C.V. ,Fondo Sectorial de Innovación FINNOVA,"3,000,000.00"
,Instituto Nacional de Medicina Genómica ,Fondo Sectorial de Innovación FINNOVA,"2,676,386.00"
,Innovación Estrategia y Transferencia Tecnológica A.C. ,Fondo Sectorial de Innovación FINNOVA,"3,000,000.00"
,Catecna Negocios Tecnológicos S.A. de C.V. ,Fondo Sectorial de Innovación FINNOVA,"2,823,373.00"
,Total Technology Transfer and Comercialization SAPI,Fondo Sectorial de Innovación FINNOVA,"2,357,760.93"
,Compañía Mexicana de Radiología CGR S.A. de C.V.,Fondo Sectorial de Innovación FINNOVA,"3,000,000.00"
,Centros Culturales de México A.C. ,Fondo Sectorial de Innovación FINNOVA,"99,400.00"
,Cambiotec A.C.,Fondo Sectorial de Innovación FINNOVA,"2,272,444.00"
,Investigación Aplicada S.A. de C.V ,Fondo Sectorial de Innovación FINNOVA,"241,280.00"
,Investigación Aplicada S.A. de C.V ,Fondo Sectorial de Innovación FINNOVA,"71,648.00"
,Financial Applications S.A. de C.V. ,Fondo Sectorial de Innovación FINNOVA,"250,000.00"
,Servicios Graham Packaging S. de RL de C.V.,Fondo Sectorial de Innovación FINNOVA,"139,200.00"
,Skyworks Solutions de México S. de R.L. de C.V. ,Fondo Sectorial de Innovación FINNOVA,"250,000.00"
,Distribuidora de Tortillas de Tepic S.A. de C.V. ,Fondo Sectorial de Innovación FINNOVA,"120,000.00"
,Larva Studios S.A. de C.V. ,Fondo Sectorial de Innovación FINNOVA,"87,290.00"
,Gening Proyectos Biomedicos S.A. de C.V. ,Fondo Sectorial de Innovación FINNOVA,"236,640.00"
,Faro Business Process Consulting S.A. de C.V. ,Fondo Sectorial de Innovación FINNOVA,"73,497.60"
,SP Films S.A. de C.V. ,Fondo Sectorial de Innovación FINNOVA,"24,499.20"
,Proteínas Naturales S.A. de C.V. ,Fondo Sectorial de Innovación FINNOVA,"150,000.00"
,Grupo Asham S.A. de C.V. ,Fondo Sectorial de Innovación FINNOVA,"120,000.00"
,Catecna Negocios Tecnológicos S.A. de C.V. ,Fondo Sectorial de Innovación FINNOVA,"250,000.00"
,Operadora Profesor Chiflado S.A. de C.V.,Fondo Sectorial de Innovación FINNOVA,"150,000.00"
,Nemak S.A. ,Fondo Sectorial de Innovación FINNOVA,"107,648.00"
,Industrias EAM S.A. de C.V. ,Fondo Sectorial de Innovación FINNOVA,"24,499.20"
,"Evo Mente, Arte y Ciencia S. de R.L. de C.V. ",Fondo Sectorial de Innovación FINNOVA,"150,000.00"
,Cima de BC S.A. de C.V. ,Fondo Sectorial de Innovación FINNOVA,"250,000.00"
,Quimikao S.A. de C.V. ,Fondo Sectorial de Innovación FINNOVA,"250,000.00"
,EMPLEOLISTO LATIN AMERICA SAPI DE CV (SIP INNOVATION S.C.9,Fondo Sectorial de Innovación FINNOVA,"300,000.00"
,UNIVERSIDAD NACIONAL AUTONOMA DE MEXICO / COORDINACION DE INVESTIGACION CIENTIFICA,Fondo Sectorial de Innovación FINNOVA,"2,400,000.00"
,INSTITUTO TECNOLÓGICO Y DE ESTUDIOS SUPERIORES DE MONTERREY / CAMPUS ESTADO DE MÉXICO,Fondo Sectorial de Innovación FINNOVA,"2,756,976.00"
,PROVEEDORA DE INSUMOS AGROPECUARIOS Y SERVICIOS S.A DE C.V. (UNIVERSIDAD AUTÓNOMA METROPOLITANA),Fondo Sectorial de Innovación FINNOVA,"140,000.00"
,INTERACCIÓN MÓVIL S.A. DE C.V. (SIP-Innovation S.C. ),Fondo Sectorial de Innovación FINNOVA,"300,000.00"
,PRODUCTOS CARRANCO S.A. DE C.V. (Consejo Potosino de Ciencia y Tecnología),Fondo Sectorial de Innovación FINNOVA,"100,000.00"
,BIO-AGROVIA S.A. DE C.V. (NUTRAVIA S.A. DE C.V. ),Fondo Sectorial de Innovación FINNOVA,"300,000.00"
,AXIS INGENIERIA S.A. DE C.V. (Universidad del Mayab S.C.),Fondo Sectorial de Innovación FINNOVA,"266,498.40"
,"FLOWEPIC, S. DE R.L. DE C.V. (NOORCUS INNOVATION S. DE RL DE C.V)",Fondo Sectorial de Innovación FINNOVA,"785,000.00"
,"BIBLIOTECAS GENÓMICAS, SA DE CV (OMTTIC S.A DE C.V. )",Fondo Sectorial de Innovación FINNOVA,"296,010.00"
,"EMBSOFT, SA DE CV (OMTTIC S.A. de C.V. )",Fondo Sectorial de Innovación FINNOVA,"296,010.00"
,CONDUZINC S DE RL DE CV (Universidad Nacional de Propiedad Intelectual A.C. ),Fondo Sectorial de Innovación FINNOVA,"900,000.00"
,"TECNOLOGÍA AVANZADA EN SISTEMAS ENERGÉTICOS, S.A. DE C.V. (NODUS PROACTIVE NETWORK DYNAMICS S.C.)",Fondo Sectorial de Innovación FINNOVA,"285,925.50"
, APLICACIONES Y SERVICIOS DE INFORMACIÓN EMPRESS S.C. (Corporativo Legal y de Consultoría A.C.),Fondo Sectorial de Innovación FINNOVA,"871,500.00"
,AGROSTEVIA S.AP.I. DE C.V. (TOTAL TECHNOLOGY TRANSFER AND COMMERCIALIZATION SAPI),Fondo Sectorial de Innovación FINNOVA,"898,215.00"
,MUCING S.A DE C.V. (Corporativo Legal y de Consultoría S.C.),Fondo Sectorial de Innovación FINNOVA,"871,500.00"
,EYESOFT S.A. DE C.V. (INSTITUTO CIATT S.C.),Fondo Sectorial de Innovación FINNOVA,"900,000.00"
,FABRICA DE CALZADO PLASCENCIA SA DE CV (Steinbeis México S.C.),Fondo Sectorial de Innovación FINNOVA,"549,500.00"
,"HERNANDEZ SUAREZ,CARLOS MOISES  (Corporativo Legal y de Consultoría S.c.)",Fondo Sectorial de Innovación FINNOVA,"871,500.00"
,"LABORATORIOS MINKAB, S.A. DE C.V. (Total Technology  Transfer and Commercialization SAPI de C.V.)",Fondo Sectorial de Innovación FINNOVA,"600,000.00"
,MAGNETRONIX S.A. DE C.V. (NODUS PROACTIVE NETWORK DYNAMICS S.C.),Fondo Sectorial de Innovación FINNOVA,"285,900.00"
,MAGNETRONIX S.A. DE C.V. (NODUS PROACTIVE NETWORK DYNAMICS S.C.),Fondo Sectorial de Innovación FINNOVA,"598,200.00"
,GRUPO GESTION INTELIGENTE S DE RL (CONSEJO VERACRUZANO DE INVESTIGACIÓN CIENTIFICA Y DESARROLLO TECNOLÓGICO ),Fondo Sectorial de Innovación FINNOVA,"761,047.00"
,ALIMENTOS ORGANICOS LA ESCONDIDA S.P.R. DE R.L. (CENTRO DE INVESTIGACIÓN INNPROTEC S. DE RL.),Fondo Sectorial de Innovación FINNOVA,"900,000.00"
,INNOEVOLUTION TEXTIL Y MATERIALES SA DE CV (STEINBEIS MÉXICO S.C.),Fondo Sectorial de Innovación FINNOVA,"535,500.00"
,INDUSTRIAS EAM SA DE CV (STEINBEIS MÉXICO S.C.),Fondo Sectorial de Innovación FINNOVA,"300,000.00"
,UNIVERSIDAD AUTONOMA METROPOLITANA / UNIDAD IZTAPALAPA,Fondo Sectorial de Innovación FINNOVA,"3,000,000.00"
,QENER SA DE CV,Fondo Sectorial de Innovación FINNOVA,"2,999,000.00"
,UNIVERSIDAD AUTONOMA DEL ESTADO DE MORELOS,Fondo Sectorial de Innovación FINNOVA,"3,000,000.00"
,UNIVERSIDAD AUTONOMA DEL ESTADO DE MORELOS,Fondo Sectorial de Innovación FINNOVA,"2,975,000.00"
,CENTRO DE INVESTIGACIONES BIOLOGICAS DEL NOROESTE SC,Fondo Sectorial de Innovación FINNOVA,"2,937,807.00"
,"CIATEQ, A.C. CENTRO DE TECNOLOGIA AVANZADA (CIATEQ)",Fondo Sectorial de Innovación FINNOVA,"1,866,666.00"
,CÁMARA NACIONAL DE MANUFACTURAS ELÉCTRICAS,Fondo Sectorial de Innovación FINNOVA,"2,965,000.00"
,"CIATEQ, A.C. CENTRO DE TECNOLOGIA AVANZADA (CIATEQ)",Fondo Sectorial de Innovación FINNOVA,"1,900,000.00"
,UNIVERSIDAD AUTONOMA DEL ESTADO DE MORELOS,Fondo Sectorial de Innovación FINNOVA,"2,806,000.00"
,INSTITUTO DE INVESTIGACIONES ELECTRICAS,Fondo Sectorial de Innovación FINNOVA,"2,999,900.00"
,"INDUSTRIAS NEGROMEX, S.A.DE C.V",Fondo Sectorial de Innovación FINNOVA,"2,600,000.00"
,"TANGIBLE NOUS, S.A. DE C.V.",Fondo Sectorial de Innovación FINNOVA,"3,000,000.00"
,INSTITUTO TECNOLOGICO SUPERIOR DE ZAPOPAN,Fondo Sectorial de Innovación FINNOVA,"1,733,466.68"
,UNIVERSIDAD AUTONOMA DEL ESTADO DE MORELOS,Fondo Sectorial de Innovación FINNOVA,"3,796,465.40"
,INSTITUTO MEXICANOe DEL SEGURO SOCIAL,Fondo Sectorial de Innovación FINNOVA,"3,780,000.00"
,CENTRO DE INVESTIGACION Y DE ESTUDIOS AVANZADOS DEL INSTITUTO POLITÉCNICO NACIONAL. / UNIDAD IRAPUATO,Fondo Sectorial de Innovación FINNOVA,"400,000.00"
,BIOMEDICINA MOLECULAR APLICADA  S.A.P.I. DE C.V.,Fondo Sectorial de Innovación FINNOVA,"115,855.00"
,"INDUSTRIAS EN SERVICIOS PLASTICOS MANUFACTURA, SA DE CV",Fondo Sectorial de Innovación FINNOVA,"150,000.00"
,"NANOINGREDIENTES BIOACTIVOS, S.A. DE C.V.",Fondo Sectorial de Innovación FINNOVA,"150,000.00"
,G I T GESTORES DE INFORMACION S. DE R.L. DE C.V.,Fondo Sectorial de Innovación FINNOVA,"216,853.20"
,"GRUPO ACUICOLA SANTA FE, S.A. DE C.V.",Fondo Sectorial de Innovación FINNOVA,"83,200.00"
,TOTAL TECHNOLOGY TRANSFER AND COMMERCIALIZATION SAPI DE CV,Fondo Sectorial de Innovación FINNOVA,"150,000.00"
,"LABORATORIO RAAM DE SAHUAYO, SA DE CV",Fondo Sectorial de Innovación FINNOVA,"150,000.00"
,"OAXACA AEROSPACE, SA DE CV",Fondo Sectorial de Innovación FINNOVA,"115,200.00"
,GOBIERNO DEL ESTADO DE DURANGO / CONSEJO DE CIENCIA Y TECNOLOGIA DEL ESTADO DE DURANGO,Fondo Sectorial de Innovación FINNOVA,"250,000.00"
,DISPOSITIVOS OPTOELECTRONICOS DE MORELOS SA DE CV,Fondo Sectorial de Innovación FINNOVA,"150,000.00"
,DESARROLLOS MULTIMEDIALES INTERACTIVOS S.A. DE C.V.,Fondo Sectorial de Innovación FINNOVA,"120,000.00"
,INNOVACION Y COMPETITIVIDAD SA DE CV,Fondo Sectorial de Innovación FINNOVA,"118,552.00"
,"CAMBIOTEC, A.C.",Fondo Sectorial de Innovación FINNOVA,"211,200.00"
,"GREEN CORP BIORGANIKS DE MÉXICO, S.A. DE C.V.",Fondo Sectorial de Innovación FINNOVA,"1,260,000.00"
,INSTITUTO TECNOLÓGICO Y DE ESTUDIOS SUPERIORES DE MONTERREY,Fondo Sectorial de Innovación FINNOVA,"157,500.00"
,Midas Automation & Software Solutions S.C. (OT Instituto Tecnológico y de Estudios Superiores de Monterrey),Fondo Sectorial de Innovación FINNOVA,"200,000.00"
,Universidad Nacional Autónoma de México / Coordinación de Investigación Científica,Fondo Sectorial de Innovación FINNOVA,"1,600,000.00"
,"TANGIBLE NOUS, S.A. DE C.V. (OT Consejo Potosino de Ciencia y Tecnología)",Fondo Sectorial de Innovación FINNOVA,"100,000.00"
,"TECNOLOGIAS DE INFORMACION Y COMUNICACIONES SA DE CV (OT INSTITUTO CIATT, S.C.)",Fondo Sectorial de Innovación FINNOVA,"300,000.00"
,"TANGIBLE NOUS, S.A. DE C.V. (OT Consejo Potosino de Ciencia y Tecnología)",Fondo Sectorial de Innovación FINNOVA,"100,000.00"
,"TANGIBLE NOUS, S.A. DE C.V. (OT Consejo Potosino de Ciencia y Tecnología)",Fondo Sectorial de Innovación FINNOVA,"100,000.00"
,"CENTRO DE INVESTIGACION CIENTIFICA Y DE EDUCACION SUPERIOR DE ENSENADA, BAJA CALIFORNIA.",Fondo Sectorial de Innovación FINNOVA,"2,860,407.00"
,MEDICO NET SA DE CV (OT Universidad Nacional de Propiedad Intelectual AC.),Fondo Sectorial de Innovación FINNOVA,"900,000.00"
,"INTERAKTIVE WISSEN AND MEDIA INTERPRISES SA DE CV (OT Agencia de Innovación del Municipio de Toluca, A.C.)",Fondo Sectorial de Innovación FINNOVA,"300,000.00"
,"KALTIA CONSULTORIA Y PROYECTOS S.A. DE C.V. (OT Novomania Consultores, S.A. de C.V.)",Fondo Sectorial de Innovación FINNOVA,"300,000.00"
,"INNSERP, INNOVACIÓN Y SERVICIOS PROFESIONALES, S.A. DE C.V. (OT CAMBIOTEC, A.C.)",Fondo Sectorial de Innovación FINNOVA,"300,000.00"
,CLINICA DE AVANCES OCULARES SAPI DE CV (OT Universidad Nacional de Propiedad Intelectual AC.),Fondo Sectorial de Innovación FINNOVA,"900,000.00"
,"PRODUCTORA DE ESPECIES ACUATICAS, S.A. DE C.V. (OT Centro de Investigacion Innprotec, S. de R.L.)",Fondo Sectorial de Innovación FINNOVA,"600,000.00"
,"E-BIZ MEXICO S DE RL DE CV (OT Universidad del Mayab, S.C.)",Fondo Sectorial de Innovación FINNOVA,"371,677.78"
,"G I T GESTORES DE INFORMACION S. DE R.L. DE C.V. (OT OMTTIC Oficina Mexicana de Transferencia de Tecnología, Innovación y Conocimiento, S.A. de C.V.)",Fondo Sectorial de Innovación FINNOVA,"300,000.00"
,VIRETEC GESTION Y DESARROLLO S.A. DE C.V. (OT Consejo Potosino de Ciencia y Tecnología),Fondo Sectorial de Innovación FINNOVA,"300,000.00"
,"SCIENTECH  FOR HEALT INTERNATIONAL S.A. DE C.V. (OT CAMBIOTEC, A.C.)",Fondo Sectorial de Innovación FINNOVA,"300,000.00"
,"TRANSPORTES Y SERVICIOS LOGISTICS UP, S. DE R.L. DE C.V. (OT NODUS PROACTIVE NETWORK DYNAMICS, S.C.)",Fondo Sectorial de Innovación FINNOVA,"285,925.50"
,"DITEK DISTRIBUIDOR SA DE CV (OT Novomania Consultoes, S.A. DE C.V.)",Fondo Sectorial de Innovación FINNOVA,"300,000.00"
,NUTRIMENTOS INTELIGENTES S.A. DE C.V. (OT Universidad Nacional de Propiedad Intelectual A.C.),Fondo Sectorial de Innovación FINNOVA,"900,000.00"
,INSTITUTO TECNOLÓGICO Y DE ESTUDIOS SUPERIORES DE MONTERREY / CAMPUS MONTERREY,Fondo Sectorial de Innovación FINNOVA,"2,999,966.67"
,CENTRO DE INVESTIGACION CIENTIFICA DE YUCATAN AC,Fondo Sectorial de Innovación FINNOVA,"1,561,476.00"
,INSTITUTO NACIONAL DE ASTROFISICA OPTICA Y ELECTRONICA,Fondo Sectorial de Innovación FINNOVA,"2,595,774.50"
,GOBIERNO DEL ESTADO DE MORELOS / CONSEJO DE CIENCIA Y TECNOLOGIA DEL ESTADO DE MORELOS,Fondo Sectorial de Innovación FINNOVA,"1,116,414.21"
,CENTRO ESCOLAR COLIMA A.C.,Fondo Sectorial de Innovación FINNOVA,"3,000,000.00"
,RESANACRETO PT Y DISEÑO S.A. DE C.V. ,Fondo Sectorial de Innovación FINNOVA,"3,000,000.00"
,PETRÓLEOS MEXICANOS / PEMEX PETROQUÍMICA,Fondo Sectorial de Innovación FINNOVA,"3,000,000.00"
,SKYWORKS SOLUTIONS DE MEXICO S. DE R.L. DE C.V.,Fondo Sectorial de Innovación FINNOVA,"3,000,000.00"
,"ALIANZA PARA LA FORMACIÓN E INVESTIGACIÓN EN INFRAESTRUCTURA PARA EL DESARROLLO DE MÉXICO, A. C.",Fondo Sectorial de Innovación FINNOVA,"1,618,454.36"
,"UNIVERSIDAD INTERNACIONAL JEFFERSON, S.A. DE C.V.",Fondo Sectorial de Innovación FINNOVA,"3,726,410.00"
,"REINGENIA -T DE TAMAULIPAS, S.A DE C.V",Fondo Sectorial de Innovación FINNOVA,"106,571.52"
,"CUPRUM, S.A DE C.V.",Fondo Sectorial de Innovación FINNOVA,"143,283.20"
,COMERCIALIZADORA DE LACTEOS Y DERIVADOS SA DE CV,Fondo Sectorial de Innovación FINNOVA,"144,000.00"
,CASAL'S INTERNACIONAL S.A. DE C.V.,Fondo Sectorial de Innovación FINNOVA,"115,855.00"
,ZONA ZERO S.A. DE C.V.,Fondo Sectorial de Innovación FINNOVA,"192,000.00"
,DESARROLLOS AGROPECUARIOS DEL ALTIPLANO S.P.R. DE R.I.,Fondo Sectorial de Innovación FINNOVA,"991,666.67"
,"NANOINGREDIENTES BIOACTIVOS, S.A. DE C.V.",Fondo Sectorial de Innovación FINNOVA,"536,000.00"
,INVESTIGACION APLICADA SA DE CV,Fondo Sectorial de Innovación FINNOVA,"648,050.00"
,"ANALISIS AMBIENTALES E INSUMOS, S.A. DE C.V.",Fondo Sectorial de Innovación FINNOVA,"805,000.00"
,"ALTECSA, S.A. DE C.V.",Fondo Sectorial de Innovación FINNOVA,"241,280.00"
,VERBAT SOLUCIONES S DE RL DE CV,Fondo Sectorial de Innovación FINNOVA,"115,660.00"
,SCIENCE AND TECHNOLOGY FOR INNOVATION SC,Fondo Sectorial de Innovación FINNOVA,"144,908.80"
,"BLUE OCEAN TECHNOLOGIES, S.A. DE C.V.",Fondo Sectorial de Innovación FINNOVA,"250,000.00"
,DISTRIBUIDORA PEPE FILETE DEL CENTRO S.A. DE C.V.,Fondo Sectorial de Innovación FINNOVA,"150,000.00"
,LINKED SYSTEMS SA DE CV,Fondo Sectorial de Innovación FINNOVA,"112,217.14"
,GOBIERNO DEL ESTADO DE CHIHUAHUA / PROMOTORA DE LA INDUSTRIA CHIHUAHUENSE,Fondo Sectorial de Innovación FINNOVA,"3,409,000.00"
,INSTITUTO TECNOLÓGICO Y DE ESTUDIOS SUPERIORES DE MONTERREY / CAMPUS SINALOA,Fondo Sectorial de Innovación FINNOVA,"3,000,000.00"
,CENTRO DE INVESTIGACION Y DE ESTUDIOS AVANZADOS DEL INSTITUTO POLITÉCNICO NACIONAL.,Fondo Sectorial de Innovación FINNOVA,"3,000,000.00"
,UNIVERSIDAD POLITÉCNICA DE TLAXCALA,Fondo Sectorial de Innovación FINNOVA,"1,997,100.00"
,"ECOHUMANA, S. A. DE C. V.",Fondo Sectorial de Innovación FINNOVA,"900,000.00"
,"GAPA FOOD SERVICES, S.A. DE C.V.",Fondo Sectorial de Innovación FINNOVA,"900,000.00"
,DESTILERIA LOS DANZANTES S.A. DE C.V.,Fondo Sectorial de Innovación FINNOVA,"100,000.00"
,"LOPEZ DAVILA,LUIS ENRIQUE",Fondo Sectorial de Innovación FINNOVA,"577,500.00"
,VIVA CITRUS S. DE P.R. DE R.L.,Fondo Sectorial de Innovación FINNOVA,"258,979.44"
,"PRODATO PROTECCION DE DATOS Y PROPIEDAD INTELECTUAL, S. DE R.L. DE C.V.",Fondo Sectorial de Innovación FINNOVA,"900,000.00"
,ASOCIACIÓN MEXICANA DE NUTRICIÓN Y DIABETES A.C. ,Fondo Sectorial de Innovación FINNOVA,"600,000.00"
,CENTRO DE INVESTIGACIONES BIOLOGICAS DEL NOROESTE SC,Fondo Sectorial de Innovación FINNOVA,"500,000.00"
,UNIVERSIDAD AUTONOMA DE COAHUILA,Fondo Sectorial de Innovación FINNOVA,"420,000.00"
,Organizaciones Xiroma S. de R.L. de C.V. ,Fondo Sectorial de Innovación FINNOVA,"900,000.00"
,RECAM LASER INTERNATIONAL S.A. DE C.V.  (OT Centro Kappa de Conocimiento S.C.),Fondo Sectorial de Innovación FINNOVA,"900,000.00"
,"KU-BO FINANCIERO S.A. DE C.V., S.F.P.N (OT Noorcus Innovation S. de R.L. de C.V. )",Fondo Sectorial de Innovación FINNOVA,"900,000.00"
,KRONOS INNOVACIÓN S.A. DE C.V. (OT Operadora de bienes y servicios de la universidad Politécnica de PachUCA S.C.),Fondo Sectorial de Innovación FINNOVA,"300,000.00"
,"TANGIBLE NOUS, S.A. DE C.V.",Fondo Sectorial de Innovación FINNOVA,"300,000.00"
,"COSOL-CONSTRUCTION SOLUTIONS, S.A. P.I. DE C.V.",Fondo Sectorial de Innovación FINNOVA,"900,000.00"
,PUREMIN S A P I DE CV,Fondo Sectorial de Innovación FINNOVA,"900,000.00"
,INSTITO BIOCLON S.A. DE C.V. ,Fondo Sectorial de Innovación FINNOVA,"146,160.00"
,DATIOTEC ELECTRONICS S DE R.L. DE C.V.,Fondo Sectorial de Innovación FINNOVA,"235,480.00"
,ACME MEDIA GROUP S. DE R.L. DE C.V.,Fondo Sectorial de Innovación FINNOVA,"285,900.00"
,CENTRO DE INVESTIGACIÓN Y DESARROLLO TECNOLÓGICO EN ELECTROQUÍMICA S.C.,Fondo Sectorial de Innovación FINNOVA,"1,825,314.00"
,CENTRO DE INVESTIGACION Y ASISTENCIA EN TECNOLOGIA Y DISEÑO DEL ESTADO DE JALISCO AC,Fondo Sectorial de Innovación FINNOVA,"600,000.00"
,UNIVERSIDAD NACIONAL AUTONOMA DE MEXICO / COORDINACION DE INVESTIGACION CIENTIFICA,Fondo Sectorial de Innovación FINNOVA,"2,100,000.00"
,"LIDAG, S.A. DE C.V.",Fondo Sectorial de Innovación FINNOVA,"1,152,040.00"
,"STELAGENOMICS MEXICO, S DE RL DE CV",Fondo Sectorial de Innovación FINNOVA,"432,250.00"
,CENTRO DE INVESTIGACIONES BIOLOGICAS DEL NOROESTE SC,Fondo Sectorial de Innovación FINNOVA,"582,000.00"
,"STELAGENOMICS MEXICO, S DE RL DE CV",Fondo Sectorial de Innovación FINNOVA,"1,481,500.00"
,NANORESONANCE TECHNOLOGY S.A. DE C.V.,Fondo Sectorial de Innovación FINNOVA,"1,490,000.00"
,PROFASAC SC,Fondo Sectorial de Innovación FINNOVA,"100,000.00"
,PROFASAC SC,Fondo Sectorial de Innovación FINNOVA,"100,000.00"
,INSTITUTO POLITECNICO NACIONAL / CENTRO DE INCUBACION DE EMPRESAS DE BASE TECNOLOGICA DEL INSTITUTO POLITECNICO NACIONAL,Fondo Sectorial de Innovación FINNOVA,"1,808,044.86"
,INTERAKTIVE WISSEN AND MEDIA INTERPRISES SA DE CV,Fondo Sectorial de Innovación FINNOVA,"120,000.00"
,HITECMA S.A DE C.V.,Fondo Sectorial de Innovación FINNOVA,"150,000.00"
,UNION GANADERA DELICIAS S DE RL DE CV,Fondo Sectorial de Innovación FINNOVA,"517,241.38"
,CIMA DE BC SA DE CV,Fondo Sectorial de Innovación FINNOVA,"850,000.00"
,"TANGIBLE NOUS, S.A. DE C.V.",Fondo Sectorial de Innovación FINNOVA,"300,000.00"
,"TANGIBLE NOUS, S.A. DE C.V.",Fondo Sectorial de Innovación FINNOVA,"300,000.00"
,"IMPULSO PARA EL SECTOR AGROPECUARIO Y EL DESARROLLO RURAL DEL CENTRO S.C.   (OT CAMBIOTEC, A.C.)",Fondo Sectorial de Innovación FINNOVA,"300,000.00"
,UNIVERSIDAD NACIONAL AUTONOMA DE MEXICO / COORDINACION DE INVESTIGACION CIENTIFICA,Fondo Sectorial de Innovación FINNOVA,"2,100,000.00"
,CENTRO DE INVESTIGACION Y ASISTENCIA EN TECNOLOGIA Y DISEÑO DEL ESTADO DE JALISCO AC,Fondo Sectorial de Innovación FINNOVA,"1,855,000.00"
,INSTITUTO POLITECNICO NACIONAL / SECRETARIA DE EXTENSION E INTEGRACION SOCIAL / UNIDAD POLITÉCNICA PARA EL DESARROLLO Y LA COMPETITIVIDAD EMPRESARIAL,Fondo Sectorial de Innovación FINNOVA,"2,989,612.00"
,CENTRO DE INVESTIGACION Y DE ESTUDIOS AVANZADOS DEL I.P.N.,Fondo Sectorial de Innovación FINNOVA,"550,000.00"
,INSTITUTO TECNOLÓGICO Y DE ESTUDIOS SUPERIORES DE MONTERREY / CAMPUS CHIHUAHUA,Fondo Sectorial de Innovación FINNOVA,"2,100,000.00"
,"LARVAS GRAN MAR, S.A. DE C.V.",Fondo Sectorial de Innovación FINNOVA,"200,000.00"
,BIOKRONE S.A. DE C.V.,Fondo Sectorial de Innovación FINNOVA,"1,500,000.00"
,UNIVERSIDAD NACIONAL AUTÓNOMA DE MÉIXCO / COORDINACIÓN DE INVESTIGACIÓN CIENTÍFICA / FACULTAD DE MEDICINA,Fondo Sectorial de Innovación FINNOVA,"1,420,000.00"
,EQUIPOS MEDICOS VIZCARRA SA,Fondo Sectorial de Innovación FINNOVA,"1,500,000.00"
,GLOBAL CONSULTING PROFESSIONALS SA DE CV ,Fondo Sectorial de Innovación FINNOVA,"1,500,000.00"
,"CINETICA QUIMICA, S.A. DE C.V.",Fondo Sectorial de Innovación FINNOVA,"150,000.00"
,"PROCESAR, S.A. DE C.V.",Fondo Sectorial de Innovación FINNOVA,"1,500,000.00"
,"GLOBAL ETIQUETAS Y EMPAQUES, SA DE CV (OT INCUBAEMPRESAS A.C. )",Fondo Sectorial de Innovación FINNOVA,"815,220.00"
,INGENIO QUESERIA S.A. DE C.V.,Fondo Sectorial de Innovación FINNOVA,"2,056,667.00"
,UNIVERSIDAD AUTONOMA DE COAHUILA,Fondo Sectorial de Innovación FINNOVA,"1,182,000.00"
,UNIVERSIDAD DEL PAPALOAPAN,Fondo Sectorial de Innovación FINNOVA,"689,800.00"
