Sujeto de Apoyo,Fondo  ,Monto Aprobado
ABONOS BIOLÓGICOS S.A. DE C.V.,Programa de Estímulos a la Innovación (PEI),"4,983,500"
ACHERBIS AUTOMATIZACION Y TECNOLOGIA S.A. DE C.V.,Programa de Estímulos a la Innovación (PEI),"1,379,400"
ALGACHEM S.A. DE C.V.,Programa de Estímulos a la Innovación (PEI),"1,249,998"
APLICACION Y ADECUACION DE TECNOLOGIA S.A. DE C.V.,Programa de Estímulos a la Innovación (PEI),"5,702,500"
ASIDETECH RESEARCH SA DE CV,Programa de Estímulos a la Innovación (PEI),"4,995,313"
BGCM TECHNOLOGY S.A. DE C.V.,Programa de Estímulos a la Innovación (PEI),"3,644,400"
"CALENTADORES DE AMERICA, S. A. DE C. V.",Programa de Estímulos a la Innovación (PEI),"3,450,580"
CIFUNSA DEL BAJIO SA DE CV,Programa de Estímulos a la Innovación (PEI),"5,656,802"
"DEACERO, S.A.P.I. DE C.V.",Programa de Estímulos a la Innovación (PEI),"1,318,000"
"DESARROLLADORA DE PROYECTOS DE INVESTIGACION, TECNOLOGIA Y COMERCIALIZACION S.A. DE C.V.",Programa de Estímulos a la Innovación (PEI),"898,500"
"DESARROLLOS QUIMICOS METALICOS, S.A. DE C.V.",Programa de Estímulos a la Innovación (PEI),"1,451,397"
DITEMSA S.A.P.I. DE C.V.,Programa de Estímulos a la Innovación (PEI),"7,843,500"
"ECOTECNOLOGIA & PROYECTOS, S.A. DE .C.V.",Programa de Estímulos a la Innovación (PEI),"1,142,110"
ELECTROSERVICIOS LOZANO S.A. DE C.V.,Programa de Estímulos a la Innovación (PEI),"3,252,785"
"ESPECIALIDADES METALURGICAS DE  LA LAGUNA, S.A. DE C.V.",Programa de Estímulos a la Innovación (PEI),"4,050,000"
"ESQUITEC TELEMETRIA Y DESARROLLO, SA DE CV",Programa de Estímulos a la Innovación (PEI),"771,649"
EXCALLIBUR S.A. DE C.V.,Programa de Estímulos a la Innovación (PEI),"2,563,500"
"EXHIB, S. DE R.L. DE C.V.",Programa de Estímulos a la Innovación (PEI),"616,082"
FEDSA HT TECHNOLOGIES SAPI DE CV,Programa de Estímulos a la Innovación (PEI),"5,096,811"
FUNDICION DE ALEACIONES ESPECIALES DE MEXICO SA DE CV,Programa de Estímulos a la Innovación (PEI),"5,269,250"
FUNDICION J.V S.A DE C.V.,Programa de Estímulos a la Innovación (PEI),"4,966,017"
IMPERSIMGES S DE RL DE CV,Programa de Estímulos a la Innovación (PEI),"4,718,411"
"INDUSTRIA SIGRAMA, S.A.  DE C.V.",Programa de Estímulos a la Innovación (PEI),"5,176,028"
"INDUSTRIALIZADORA SHARYL, S. DE R.L. DE C.V.",Programa de Estímulos a la Innovación (PEI),"4,877,816"
INDUSTRIAS BELG-W SA DE CV,Programa de Estímulos a la Innovación (PEI),"4,943,690"
INGENIERIA EN CONSTRUCCION TECNOLOGIA DE UNION E INSPECCION INDUSTRIAL S.A DE C.V.,Programa de Estímulos a la Innovación (PEI),"5,985,750"
INGENIERIA SUPERVISION Y EJECUCION ELECTROMECANICA DE MEXICO SA DE CV,Programa de Estímulos a la Innovación (PEI),"2,266,700"
"INNOVACIÓN TECNOLÓGICA EN SOLDADURA Y SUPERFICIES, S.A. DE C.V.",Programa de Estímulos a la Innovación (PEI),"5,375,000"
INNOVACION Y DESARROLLO DE ENERGIA ALFA SUSTENTABLE SA DE CV,Programa de Estímulos a la Innovación (PEI),"1,694,530"
MANUFACTURAS ZAPALINAMÉ S.A. DE C.V.,Programa de Estímulos a la Innovación (PEI),"3,675,408"
"MANUFACTURERA DE CIGUEÑALES DE MEXICO, S.A. DE C.V.",Programa de Estímulos a la Innovación (PEI),"5,037,577"
"MECHANISMS DE SALTILLO, S.A. DE C.V.",Programa de Estímulos a la Innovación (PEI),"4,175,497"
"MULTINGENIERIA NOVA, S.A. DE C.V.",Programa de Estímulos a la Innovación (PEI),"4,883,900"
"NANOINGREDIENTES BIOACTIVOS, S.A. DE C.V.",Programa de Estímulos a la Innovación (PEI),"4,214,300"
"NANOINGREDIENTES BIOACTIVOS, S.A. DE C.V.",Programa de Estímulos a la Innovación (PEI),"3,463,000"
NÚCLEO EMPRESARIAL TECNOLÓGICO S.A. DE C.V.,Programa de Estímulos a la Innovación (PEI),"6,769,500"
PLASTICOS E INYECTORES DE SALTILLO SA DE CV,Programa de Estímulos a la Innovación (PEI),"4,963,750"
"ALMOND CATAFORESIS, S. DE R.L. DE C.V.",Programa de Estímulos a la Innovación (PEI),"13,180,000"
"LABORATORIOS PISA, S.A. DE C.V.",Programa de Estímulos a la Innovación (PEI),"12,817,703"
"INDUSTRIAS EN SERVICIOS PLASTICOS CENTRAL, S.A. DE C.V.",Programa de Estímulos a la Innovación (PEI),"9,505,496"
"INDUSTRIAS EN SERVICIOS PLASTICOS MANUFACTURA, S.A.P.I. DE C.V.",Programa de Estímulos a la Innovación (PEI),"9,164,000"
EXTRACTOS CURATIVOS MEXICANOS SA DE CV,Programa de Estímulos a la Innovación (PEI),"7,715,409"
"QUIMMCO CENTRO TECNOLOGICO, SA DE CV",Programa de Estímulos a la Innovación (PEI),"4,390,028"
GRUPO PINTONE S.A. DE C.V.,Programa de Estímulos a la Innovación (PEI),"6,869,188"
PRODUCTOS ULTRA S.A DE C.V,Programa de Estímulos a la Innovación (PEI),"6,532,553"
I + D BIO S. A. DE C. V.,Programa de Estímulos a la Innovación (PEI),"6,191,065"
DADOS A TU FAVOR SA DE CV,Programa de Estímulos a la Innovación (PEI),"5,484,747"
"PROMOTORA Y CONSULTORÍA DE PROYECTOS TECNOLÓGICOS Y CIENTÍFICOS, S.A. DE C.V",Programa de Estímulos a la Innovación (PEI),"5,472,465"
RASSINI SUSPENSIONES SA DE CV,Programa de Estímulos a la Innovación (PEI),"5,110,100"
PRODUCTOS CASEROS SANTAANA S.C. DE R.L. DE C.V.,Programa de Estímulos a la Innovación (PEI),"4,731,158"
SALTILLO TOOLING SHOP S.A. DE C.V.,Programa de Estímulos a la Innovación (PEI),"4,779,400"
PLÁSTICOS INYECCIÓN Y RECICLADO S.A. DE C.V.,Programa de Estímulos a la Innovación (PEI),"5,466,500"
AISLANTES MINERALES S.A. DE C.V.,Programa de Estímulos a la Innovación (PEI),"5,366,153"
"SCARFER, S.A. DE C.V.",Programa de Estímulos a la Innovación (PEI),"4,875,500"
"BIOCOR LABS, S.A. DE C.V.",Programa de Estímulos a la Innovación (PEI),"4,475,500"
APEX SIMULACION Y TECNOLOGIA SA DE CV,Programa de Estímulos a la Innovación (PEI),"4,215,991"
GS DE MEXICO S DE RL DE CV,Programa de Estímulos a la Innovación (PEI),"2,803,569"
"TERMOLITA, S.A.P.I. DE C.V.",Programa de Estímulos a la Innovación (PEI),"5,541,584"
CORPORATIVO STR ASESORIA EN DESARROLLO TECNOLOGICO E INNOVACION S.A. DE C.V.,Programa de Estímulos a la Innovación (PEI),"5,117,500"
DESARROLLOS NUTRICIONALES Y PRODUCTOS DEL GOLFO S.A. DE C.V.,Programa de Estímulos a la Innovación (PEI),"3,722,050"
CLINICA DEL AZUCAR S.A.P.I. DE CV,Programa de Estímulos a la Innovación (PEI),"1,987,020"
CARGALOC-R  S.A. DE C.V.,Programa de Estímulos a la Innovación (PEI),"1,225,527"
DATA CRUNCHING ENGINEERING MEXICO SA DE CV,Programa de Estímulos a la Innovación (PEI),"998,966"
THE WELL LIFE COMPANY S. DE R.L. DE C.V.,Programa de Estímulos a la Innovación (PEI),"3,623,616"
BIOFABRICA SIGLO XXI SA DE CV,Programa de Estímulos a la Innovación (PEI),"1,291,802"
"POLITUBOS DE MEXICO, S.A. DE C.V.",Programa de Estímulos a la Innovación (PEI),"5,312,971"
BIOACTIVOS Y NUTRACEUTICOS DE MEXICO S.A. DE C.V.,Programa de Estímulos a la Innovación (PEI),"7,538,128"
GCC CEMENTO SA DE CV,Programa de Estímulos a la Innovación (PEI),"7,883,737"
PUNTO PEN S.A. DE C.V.,Programa de Estímulos a la Innovación (PEI),"4,464,642"
"HAKKEN ENTERPRISE, S.A. DE C.V.",Programa de Estímulos a la Innovación (PEI),"9,571,743"
WORK LEVEL SA DE CV,Programa de Estímulos a la Innovación (PEI),"7,679,750"
"LABORATORIOS LIOMONT, S.A. DE C.V.",Programa de Estímulos a la Innovación (PEI),"14,754,059"
"PROLEC GE INTERNACIONAL, S DE RL DE CV",Programa de Estímulos a la Innovación (PEI),"1,850,231"
"ALIANZA PARA EL DESARROLLO TECNOLOGICO, S.A. DE C.V.",Programa de Estímulos a la Innovación (PEI),"3,987,778"
GCC CONCRETO SA DE CV,Programa de Estímulos a la Innovación (PEI),"4,558,002"
SOLUCIONES FISCALES Y TECNOLOGICAS S.A DE C.V,Programa de Estímulos a la Innovación (PEI),"1,991,619"
"ALIANZA PARA EL DESARROLLO TECNOLOGICO, S.A. DE C.V.",Programa de Estímulos a la Innovación (PEI),"3,980,001"
CORPORATIVO VELASQUEZ ESCOBAR SA DE CV,Programa de Estímulos a la Innovación (PEI),"1,723,292"
"ALIANZA PARA EL DESARROLLO TECNOLOGICO, S.A. DE C.V.",Programa de Estímulos a la Innovación (PEI),"2,886,000"
INDUCTION TECHNOLOGIES DE MEXICO SA DE CV,Programa de Estímulos a la Innovación (PEI),"1,028,252"
"SURESTE SUSTENTABLE, S.A. DE C.V.",Programa de Estímulos a la Innovación (PEI),"3,139,673"
"SINERTECNOLOGIA, S.A. DE C.V.",Programa de Estímulos a la Innovación (PEI),"3,712,500"
"SINERTECNOLOGIA, S.A. DE C.V.",Programa de Estímulos a la Innovación (PEI),"2,790,000"
APV INTERNACIONAL SA DE CV,Programa de Estímulos a la Innovación (PEI),"4,992,600"
"PRODUCTOS MEDIX, S.A. DE C.V.",Programa de Estímulos a la Innovación (PEI),"8,841,312"
"TECNOBAS, S.A. DE C.V.",Programa de Estímulos a la Innovación (PEI),"3,600,000"
LEARNING BY DIGITAL TECNOLOGIES S DE R.L DE C.V,Programa de Estímulos a la Innovación (PEI),"4,292,659"
"""PLAD""  SA DE CV",Programa de Estímulos a la Innovación (PEI),"5,710,800"
PIKOCHAS S.A. DE C.V.,Programa de Estímulos a la Innovación (PEI),"2,441,724"
INGENIERÍA Y MECATRONICA S.A. DE C.V.,Programa de Estímulos a la Innovación (PEI),"7,197,512"
BYPASA SA DE CV,Programa de Estímulos a la Innovación (PEI),"4,472,625"
ROBUSPACK S. DE R.L. DE C.V.,Programa de Estímulos a la Innovación (PEI),"1,318,473"
ROBUSPACK S. DE R.L. DE C.V.,Programa de Estímulos a la Innovación (PEI),"1,224,853"
VIBRO PRODUCTOS DE OAXACA SA DE CV,Programa de Estímulos a la Innovación (PEI),"4,358,870"
ESTRATEGIAS DE PLANEACION URBANA SUSTENTABLE SA DE CV.,Programa de Estímulos a la Innovación (PEI),"3,762,006"
GRUPO R3 SA DE CV,Programa de Estímulos a la Innovación (PEI),"2,101,660"
SYME AGROINSUMOS INNOVADORES DE MEXICO S.A DE C.V.,Programa de Estímulos a la Innovación (PEI),"3,182,500"
COMPUESTOS TKNSET S DE RL DE CV,Programa de Estímulos a la Innovación (PEI),"2,040,430"
"PRODUCTIVIDAD MOVIL, S.A. DE C.V.",Programa de Estímulos a la Innovación (PEI),"9,975,000"
"ESTERIPHARMA, S.A. DE C.V.",Programa de Estímulos a la Innovación (PEI),"6,003,438"
EIMEX S.A. DE C.V.,Programa de Estímulos a la Innovación (PEI),"5,551,026"
CIPSA INDUSTRIAS SA DE CV,Programa de Estímulos a la Innovación (PEI),"13,928,202"
RASE PROYECTOS PRODUCTIVOS S.A. DE C.V.,Programa de Estímulos a la Innovación (PEI),"1,968,750"
"TRAMES, S.A. DE C.V.",Programa de Estímulos a la Innovación (PEI),"10,923,007"
EMPACADORA FRAPE S.A. DE C.V,Programa de Estímulos a la Innovación (PEI),"6,370,297"
RESIDUOS A HIDROCARBUROS SUSTENTABLES DE MEXICO S DE RL DE CV,Programa de Estímulos a la Innovación (PEI),"23,650,000"
"MANUFACTURERA DE CIGUEÑALES DE MEXICO, S.A. DE C.V.",Programa de Estímulos a la Innovación (PEI),"5,871,404"
"LABORATORIOS SENOSIAIN, S.A. DE C.V.",Programa de Estímulos a la Innovación (PEI),"1,895,277"
MEZCALERIA CHAGOYA S DE PR DE RL,Programa de Estímulos a la Innovación (PEI),"1,464,295"
DISEÑO E INGENIERIA SUSTENTABLE SA DE CV,Programa de Estímulos a la Innovación (PEI),"5,621,500"
GRUPO MATSUMA S.A. DE C.V.,Programa de Estímulos a la Innovación (PEI),"3,225,000"
AURECON SA DE CV,Programa de Estímulos a la Innovación (PEI),"3,170,250"
"PRODUCTORA DE ESPECIES ACUATICAS, S.A. DE C.V.",Programa de Estímulos a la Innovación (PEI),"7,075,906"
MEZCLADORAS Y TRAILERS DE MÉXICO SA DE CV,Programa de Estímulos a la Innovación (PEI),"9,065,596"
ROTOINNOVACION S. A. DE C. V.,Programa de Estímulos a la Innovación (PEI),"4,950,000"
PLANTAS ELÉCTRICAS MÉXICO S.A. DE C.V.,Programa de Estímulos a la Innovación (PEI),"1,860,110"
PID ELECTRONICS S DE RL DE CV,Programa de Estímulos a la Innovación (PEI),"1,539,495"
CONAGRA FOODS MÉXICO SA DE CV,Programa de Estímulos a la Innovación (PEI),"6,616,406"
EXPORTADORA DE PLASTICOS AGRICOLAS S.A DE C.V.,Programa de Estímulos a la Innovación (PEI),"5,536,970"
LAMITEC SA DE CV,Programa de Estímulos a la Innovación (PEI),"8,025,850"
INAMBTEC SA DE CV,Programa de Estímulos a la Innovación (PEI),"17,261,327"
TECNOLOGIA RENOVABLE DE MÉXICO S.A DE C.V,Programa de Estímulos a la Innovación (PEI),"4,000,000"
CASAL'S INTERNACIONAL S.A. DE C.V.,Programa de Estímulos a la Innovación (PEI),"4,641,712"
GALVAFLEX DE MEXICO SA DE CV,Programa de Estímulos a la Innovación (PEI),"5,709,535"
"SITELDI SOLUTIONS, S.A. DE C.V.",Programa de Estímulos a la Innovación (PEI),"4,500,000"
TRIASO S.A. DE C.V.,Programa de Estímulos a la Innovación (PEI),"2,963,054"
PRODUCTOS NATURALES ALFA S DE RL DE CV,Programa de Estímulos a la Innovación (PEI),"5,337,057"
GS DE MEXICO S DE RL DE CV,Programa de Estímulos a la Innovación (PEI),"5,088,565"
HIELO CACHANILLA S DE RL DE CV,Programa de Estímulos a la Innovación (PEI),"3,290,625"
HIELO CACHANILLA S DE RL DE CV,Programa de Estímulos a la Innovación (PEI),"1,968,750"
GRUPO INDUSTRIAL TEBVLAR S.A. DE C.V.,Programa de Estímulos a la Innovación (PEI),"1,859,401"
"CENTRO DE INVESTIGACION EN POLIMEROS, S.A DE C.V",Programa de Estímulos a la Innovación (PEI),"2,917,250"
PROCESADORA DE SALSAS SHAITA S. DE R. L. MI.,Programa de Estímulos a la Innovación (PEI),"1,292,750"
"LABORATORIOS SENOSIAIN, S.A. DE C.V.",Programa de Estímulos a la Innovación (PEI),"1,821,979"
HELVEX SA DE CV,Programa de Estímulos a la Innovación (PEI),"8,015,860"
NUTRIPROTEOMICS S.A. DE C.V.,Programa de Estímulos a la Innovación (PEI),"4,490,904"
VERSTAND TECNOLOGIAS SA DE CV,Programa de Estímulos a la Innovación (PEI),"5,316,500"
"BRIKAP, S.A. DE C.V.",Programa de Estímulos a la Innovación (PEI),"3,650,020"
"ASESORES TECNICOS Y MANTENIMIENTO DE ESTACIONES DE SERVICIO, SA",Programa de Estímulos a la Innovación (PEI),"6,155,000"
PH DEVICES R&D SA DE CV,Programa de Estímulos a la Innovación (PEI),"2,307,800"
INDUSTRIAS VEPINSA S.A. DE C.V.,Programa de Estímulos a la Innovación (PEI),"19,196,652"
3G HERRAMIENTAS SA DE CV,Programa de Estímulos a la Innovación (PEI),"9,617,869"
ACERTA CONSULTORES SA DE CV,Programa de Estímulos a la Innovación (PEI),"3,800,740"
CITRO-DES  S DE RL DE CV,Programa de Estímulos a la Innovación (PEI),"8,682,887"
GS DE MEXICO S DE RL DE CV,Programa de Estímulos a la Innovación (PEI),"3,594,866"
GS DE MEXICO S DE RL DE CV,Programa de Estímulos a la Innovación (PEI),"2,107,866"
EQUIPOS MEDICOS VIZCARRA SA,Programa de Estímulos a la Innovación (PEI),"6,237,970"
ELMECA S.A. DE C.V.,Programa de Estímulos a la Innovación (PEI),"5,291,422"
"LANMICROSYSTEMS, S.A. DE C.V.",Programa de Estímulos a la Innovación (PEI),"1,423,656"
TECNOLOGIA BAJO EL SOL S DE RL DE CV,Programa de Estímulos a la Innovación (PEI),"3,004,002"
"COMERCIALIZADORA AXENTEC, S.A. DE C.V.",Programa de Estímulos a la Innovación (PEI),"3,817,500"
GESTION TECNOLOGICA AVANZADA SA DE CV,Programa de Estímulos a la Innovación (PEI),"4,433,250"
INGENIERIA ENERGETICA Y CONTROL S. DE R.L. DE C.V.,Programa de Estímulos a la Innovación (PEI),"3,274,000"
"ESPECIALISTAS EN TURBOPARTES, S.A. DE C.V.",Programa de Estímulos a la Innovación (PEI),"1,594,125"
WINTER WEB INTERNET AND NETWORK TECNOLOGY FOR ENTERPRISE RESOURCES SA DE CV,Programa de Estímulos a la Innovación (PEI),"4,738,836"
PARQUE ENOLOGICO PUERTA DEL LOBO S.A. DE C.V.,Programa de Estímulos a la Innovación (PEI),"3,555,000"
INNOVATOOL S.A. DE C.V.,Programa de Estímulos a la Innovación (PEI),"7,968,365"
"LABORATORIOS SENOSIAIN, S.A. DE C.V.",Programa de Estímulos a la Innovación (PEI),"2,904,052"
"LABORATORIOS SENOSIAIN, S.A. DE C.V.",Programa de Estímulos a la Innovación (PEI),"2,799,830"
GATE GOURMET & MAASA MEXICO S DE RL DE CV,Programa de Estímulos a la Innovación (PEI),"17,978,110"
BIOGENERADORES DE MEXICO S.P.R. DE R.L.,Programa de Estímulos a la Innovación (PEI),"2,660,665"
HIDROPONICOS LUZA S.A. DE C.V.,Programa de Estímulos a la Innovación (PEI),"8,774,196"
INDUSTRIA PARRALENSE DE AUTOPARTES S. DE R.L. DE C.V.,Programa de Estímulos a la Innovación (PEI),"12,964,838"
GRAFICOS Y CORRUGADOS DE PARRAL S. DE R.L. DE C.V.,Programa de Estímulos a la Innovación (PEI),"9,907,361"
DESHIDRATADORA MARATA SPR DE RL DE CV,Programa de Estímulos a la Innovación (PEI),"5,629,600"
SIGNA S. A. DE C. V.,Programa de Estímulos a la Innovación (PEI),"14,789,916"
"CIDAT, S.A DE C.V",Programa de Estímulos a la Innovación (PEI),"1,423,000"
MAQUINADOS Y RECTIFICADOS TELESIS S.A. DE C.V.,Programa de Estímulos a la Innovación (PEI),"7,827,418"
INTERLATIN S. DE R.L. DE C.V.,Programa de Estímulos a la Innovación (PEI),"6,532,200"
RICAP S.A. DE C.V.,Programa de Estímulos a la Innovación (PEI),"972,375"
INDUSTRIAL FINHOR S.A. DE C.V.,Programa de Estímulos a la Innovación (PEI),"2,953,238"
KIORU SA DE CV,Programa de Estímulos a la Innovación (PEI),"2,009,460"
SYE SOFTWARE S.A. DE C.V.,Programa de Estímulos a la Innovación (PEI),"3,545,822"
"DELPHI AUTOMOTIVE SYSTEMS, S. DE R.L DE C.V.",Programa de Estímulos a la Innovación (PEI),"2,893,311"
"PROLEC GE INTERNACIONAL, S DE RL DE CV",Programa de Estímulos a la Innovación (PEI),"1,714,507"
OBRATEC S.A. DE  C.V.,Programa de Estímulos a la Innovación (PEI),"3,440,000"
DIASET S.A. DE C.V.,Programa de Estímulos a la Innovación (PEI),"10,889,162"
DIASET S.A. DE C.V.,Programa de Estímulos a la Innovación (PEI),"4,927,501"
"TECNOCIENCIAS APLICADAS, S.A. DE C.V.",Programa de Estímulos a la Innovación (PEI),"10,900,000"
"PROBIOMED, S.A. DE C.V.",Programa de Estímulos a la Innovación (PEI),"13,470,256"
GRUPO INDUSTRIAL BLOMER S.A. DE C.V.,Programa de Estímulos a la Innovación (PEI),"10,171,355"
"MAQUINADOS EXPRESS, S.A. DE C.V.",Programa de Estímulos a la Innovación (PEI),"4,471,709"
"LABORATORIOS SENOSIAIN, S.A. DE C.V.",Programa de Estímulos a la Innovación (PEI),"1,143,658"
LABORATORIOS SOPHIA SA DE CV,Programa de Estímulos a la Innovación (PEI),"217,946"
GIS TECNOLOGIAS S DE RL DE CV,Programa de Estímulos a la Innovación (PEI),"4,885,708"
GC STUDIOS SA DE CV,Programa de Estímulos a la Innovación (PEI),"2,929,782"
ASESORIA SOFTSUN SA DE CV,Programa de Estímulos a la Innovación (PEI),"5,023,296"
MAX PC DE MEXICO S.A DE C.V.,Programa de Estímulos a la Innovación (PEI),"2,249,281"
TECNOLOGIA EN COMUNICACIONES E IDENTIFICACIONES DE MEXICO SA DE CV,Programa de Estímulos a la Innovación (PEI),"5,171,780"
"DESARROLLO DE TECNOLOGIA Y SERVICIOS INTEGRALES, S.A. DE C.V.",Programa de Estímulos a la Innovación (PEI),"4,292,675"
"ESPECIALISTAS EN TURBOPARTES, S.A. DE C.V.",Programa de Estímulos a la Innovación (PEI),"2,345,014"
HONEYWELL INGENIERÍA Y TECNOLOGIA AEROESPACIAL DE MÉXICO S. DE R.L DE C.V.,Programa de Estímulos a la Innovación (PEI),"24,532,166"
DIGONO APLICACIONES S.A. DE C.V.,Programa de Estímulos a la Innovación (PEI),"725,000"
SERVICIOS TÉCNICOS NH SA DE CV,Programa de Estímulos a la Innovación (PEI),"2,722,685"
POLIETILENOS DEL SURESTE S.A. DE C.V.,Programa de Estímulos a la Innovación (PEI),"2,731,353"
"LABORATORIO AVI-MEX, S.A. DE C.V.",Programa de Estímulos a la Innovación (PEI),"1,868,318"
DESHIDRATADORA CHILES ANDRADE SA DE CV,Programa de Estímulos a la Innovación (PEI),"3,936,788"
AGO CONSULTORES SA DE CV,Programa de Estímulos a la Innovación (PEI),"3,669,458"
AXIS INGENIERIA S.A. DE C.V.,Programa de Estímulos a la Innovación (PEI),"1,379,362"
DISTRIBUIDORA DE SINALOA DE EXPLOSIVOS S.A. DE C.V.,Programa de Estímulos a la Innovación (PEI),"4,924,600"
SINERXIA HUMAN CAPITAL S.A. DE C.V.,Programa de Estímulos a la Innovación (PEI),"3,291,634"
BAMBUTERRA S.A.P.I. DE C.V.,Programa de Estímulos a la Innovación (PEI),"8,954,593"
"AISYSTEMS, S.A. DE C.V.",Programa de Estímulos a la Innovación (PEI),"9,413,503"
DISPOSITIVOS MEDICOS TACHICMA S. DE R.L.M.I.,Programa de Estímulos a la Innovación (PEI),"5,157,770"
"SILVER-SOFT, DESARROLLO,TECNOLOGIA Y APLICACIONES S. DE R.L DE C.V.",Programa de Estímulos a la Innovación (PEI),"3,845,000"
AGROALTAMIRA OMETEPEC SC DE RL DE CV,Programa de Estímulos a la Innovación (PEI),"3,510,000"
TREMET S.A. DE C.V.,Programa de Estímulos a la Innovación (PEI),"2,531,250"
GRUPO PROALISER SC DE RL DE CV,Programa de Estímulos a la Innovación (PEI),"3,939,500"
PROCESAMIENTO ESTOCASTICO DE DATOS S. DE R.L.,Programa de Estímulos a la Innovación (PEI),"537,856"
"SIMIL CUERO PLYMOUTH, S.A. DE C.V.",Programa de Estímulos a la Innovación (PEI),"9,096,102"
OFISISTEMAS PARADIGMA S.A. DE C.V.,Programa de Estímulos a la Innovación (PEI),"3,530,000"
EBL S. DE R.L. DE C.V.,Programa de Estímulos a la Innovación (PEI),"3,145,125"
"FUNDICIONES RICE, S.A. DE C.V.",Programa de Estímulos a la Innovación (PEI),"7,642,052"
HALIMBER SA DE CV,Programa de Estímulos a la Innovación (PEI),"6,523,362"
BONASA COMERCIAL SA DE CV,Programa de Estímulos a la Innovación (PEI),"4,799,750"
NOVATECLEON SA DE CV,Programa de Estímulos a la Innovación (PEI),"7,287,494"
TECNOGADGET S.A. DE C.V.,Programa de Estímulos a la Innovación (PEI),"9,824,888"
GEODENT S.A DE C.V,Programa de Estímulos a la Innovación (PEI),"2,010,000"
"AGROQUIMICOS Y TECNOLOGIAS DE OCCIDENTE, S.A. DE C.V.",Programa de Estímulos a la Innovación (PEI),"689,066"
LABORATORIOS GRIFFITH DE MEXICO SA DE CV,Programa de Estímulos a la Innovación (PEI),"1,411,923"
"SIMIL CUERO PLYMOUTH, S.A. DE C.V.",Programa de Estímulos a la Innovación (PEI),"8,935,787"
MERCA2COPIO GROUP S.A. DE C.V.,Programa de Estímulos a la Innovación (PEI),"2,752,221"
"PINTURAS THERMICAS DEL NORTE, S.A DE C.V",Programa de Estímulos a la Innovación (PEI),"11,232,099"
SKYWORKS SOLUTIONS DE MEXICO S. DE R.L. DE C.V.,Programa de Estímulos a la Innovación (PEI),"7,223,380"
"GROSS DEL SURESTE, S.A. DE C.V.",Programa de Estímulos a la Innovación (PEI),"2,700,862"
PROTOWARE SA DE CV,Programa de Estímulos a la Innovación (PEI),"3,623,400"
"INCUBASOFT, S.A. DE C.V.",Programa de Estímulos a la Innovación (PEI),"3,437,887"
I + D BIO S. A. DE C. V.,Programa de Estímulos a la Innovación (PEI),"5,945,810"
MAQUINADOS E INYECCIONES TECAMAC S.A DE C.V,Programa de Estímulos a la Innovación (PEI),"1,365,050"
NUTEK S.A. DE C.V.,Programa de Estímulos a la Innovación (PEI),"1,358,136"
"INDUSTRIA AGRICOLA MAYA, S.A. DE C.V.",Programa de Estímulos a la Innovación (PEI),"3,995,645"
STRATEGICS DE MEXICO SA DE CV,Programa de Estímulos a la Innovación (PEI),"3,889,500"
PRODUCTOS HELADOS MILKY MICH S.A. DE C.V.,Programa de Estímulos a la Innovación (PEI),"1,703,386"
"PRODUCTOS QUIMICOS DE CHIHUAHUA, S.A. DE C.V.",Programa de Estímulos a la Innovación (PEI),"4,660,625"
MODUTRAM MEXICO SA DE CV,Programa de Estímulos a la Innovación (PEI),"4,768,560"
"PROBIOMED, S.A. DE C.V.",Programa de Estímulos a la Innovación (PEI),"5,295,557"
ACCESOS SIN LIMITE S.A. DE C.V.,Programa de Estímulos a la Innovación (PEI),"2,053,998"
"CRISER, S.A. DE C.V.",Programa de Estímulos a la Innovación (PEI),"3,694,521"
"ENERYA,S.A. DE C.V.",Programa de Estímulos a la Innovación (PEI),"3,357,680"
"NUTEC BICKLEY, S.A. DE C.V.",Programa de Estímulos a la Innovación (PEI),"3,804,455"
"PAPELERA DE CHIHUAHUA, S. A. DE C. V.",Programa de Estímulos a la Innovación (PEI),"2,791,221"
IMPERMEABILIZANTES Y AISLANTES TÉRMICOS FALCÓN SA DE CV,Programa de Estímulos a la Innovación (PEI),"2,056,931"
TRANSTELL S.A. DE C.V.,Programa de Estímulos a la Innovación (PEI),"222,480"
MIELES CAMPOS AZULES S.A. DE C.V.,Programa de Estímulos a la Innovación (PEI),"2,276,012"
CONSTRUCCIONES INDUSTRIALES DE AGUASCALIENTES SA DE CV,Programa de Estímulos a la Innovación (PEI),"4,489,507"
CONSTRUCCIONES INDUSTRIALES DE AGUASCALIENTES SA DE CV,Programa de Estímulos a la Innovación (PEI),"5,914,507"
SIEMENS SA DE CV,Programa de Estímulos a la Innovación (PEI),"1,055,086"
TRANSFORMADORES INTELIGÉNTES DE MÉXICO SAPI DE CV,Programa de Estímulos a la Innovación (PEI),"2,774,192"
ECOAGRONEGOCIOS S. DE R.L. DE C.V.,Programa de Estímulos a la Innovación (PEI),"3,813,200"
COVESTRO S.A. DE C.V.,Programa de Estímulos a la Innovación (PEI),"572,826"
COMERCIAL ACROS WHIRLPOOL S.A. DE C.V.,Programa de Estímulos a la Innovación (PEI),"3,459,267"
"DELPHI AUTOMOTIVE SYSTEMS, S. DE R.L DE C.V.",Programa de Estímulos a la Innovación (PEI),"1,035,013"
NATURALLY SIMHER SA DE CV,Programa de Estímulos a la Innovación (PEI),"960,506"
"CYSORE, S.A. DE C.V.",Programa de Estímulos a la Innovación (PEI),"2,069,487"
SOLDADORAS INDUSTRIALES INFRA S.A.DE C.V.,Programa de Estímulos a la Innovación (PEI),"570,500"
AUTOABASTECIMIENTO RENOVABLE S.A. DE C.V.,Programa de Estímulos a la Innovación (PEI),"6,594,771"
"CENTRO PARA LA INNOVACION, LA CIENCIA Y LA TECNOLOGIA DEL VALLE DE MEXICO SA DE CV",Programa de Estímulos a la Innovación (PEI),"8,412,502"
KURAGO BIOTEK  HOLDINGS  S.A.P.I. DE C.V.,Programa de Estímulos a la Innovación (PEI),"4,235,140"
CDE COMERCIALIZADORA S.A. DE C.V,Programa de Estímulos a la Innovación (PEI),"1,495,007"
SANCHEZ S.A. DE C.V.,Programa de Estímulos a la Innovación (PEI),"1,497,430"
SKY TEK S. DE R.L. DE C.V.,Programa de Estímulos a la Innovación (PEI),"2,593,060"
CORDOVA INDUSTRIAL INTEGRADORES S.A. DE C.V.,Programa de Estímulos a la Innovación (PEI),"5,621,150"
"HUNABSYS R&D, S. DE R.L. DE C.V.",Programa de Estímulos a la Innovación (PEI),"4,975,000"
BIOKRONE S.A. DE C.V.,Programa de Estímulos a la Innovación (PEI),"1,730,516"
"GRAPHENEMEX, S.A. DE C.V.",Programa de Estímulos a la Innovación (PEI),"7,200,000"
"STELAGENOMICS MEXICO, S DE RL DE CV",Programa de Estímulos a la Innovación (PEI),"873,452"
LABORATORIO SANTGAR FORMULAS MAGISTRALES DE MEXICO SA DE CV,Programa de Estímulos a la Innovación (PEI),"2,123,465"
FICOSA NORTH AMERICA S A DE C V,Programa de Estímulos a la Innovación (PEI),"3,941,544"
ALTEA CASTING SA DE CV,Programa de Estímulos a la Innovación (PEI),"2,549,306"
PRODUT CASTING S.A. DE C.V.,Programa de Estímulos a la Innovación (PEI),"4,910,361"
"LABORATORIOS SILANES, S.A. DE C.V.",Programa de Estímulos a la Innovación (PEI),"2,769,711"
"CLINICA OFTALMICA LASER CHOZA,S.A .DE C.V.",Programa de Estímulos a la Innovación (PEI),"2,736,250"
PRADOS CAMELINAS SA DE CV,Programa de Estímulos a la Innovación (PEI),"5,572,943"
MEZCLADORAS Y TRAILERS DE MÉXICO SA DE CV,Programa de Estímulos a la Innovación (PEI),"11,934,404"
"PORCELANITE LAMOSA, S.A. DE C.V.",Programa de Estímulos a la Innovación (PEI),"2,541,490"
"PORCELANITE LAMOSA, S.A. DE C.V.",Programa de Estímulos a la Innovación (PEI),"2,512,818"
"GRUPO AIT, ALTO IMPACTO TECNOLOGICO S.A. DE C.V.",Programa de Estímulos a la Innovación (PEI),"3,012,500"
ECOVORAZ S DE RL DE CV,Programa de Estímulos a la Innovación (PEI),"838,936"
SOLUCION EN TECNOLÓGIAS AVANZADAS S.A. DE C.V.,Programa de Estímulos a la Innovación (PEI),"6,000,000"
"PSICOFARMA, S. A. DE C. V.",Programa de Estímulos a la Innovación (PEI),"1,767,000"
"CTEG CENTRO DE DESARROLLO EN TECNOLOGIA ELECTRONICA DE GUERRERO, S.A DE C.V",Programa de Estímulos a la Innovación (PEI),"5,614,252"
"SIEX MEXICO, S.A. DE C.V.",Programa de Estímulos a la Innovación (PEI),"1,910,524"
"SIGMA ALIMENTOS CENTRO, S.A. DE C.V.",Programa de Estímulos a la Innovación (PEI),"6,989,413"
GRUPO GARVICA S.A DE C.V.,Programa de Estímulos a la Innovación (PEI),"4,822,500"
INMATERIIS S.A. DE C.V.,Programa de Estímulos a la Innovación (PEI),"2,971,501"
"GOODRICH AEROSPACE DE MEXICO, S. DE R.L. DE C.V.",Programa de Estímulos a la Innovación (PEI),"5,206,080"
MAGEOTEC SA DE CV,Programa de Estímulos a la Innovación (PEI),"1,573,000"
EMOT INGENIERÍA S.A. DE C.V.,Programa de Estímulos a la Innovación (PEI),"2,382,309"
INVESTIGACION Y DESARROLLO DE SOFTWARE SA DE CV,Programa de Estímulos a la Innovación (PEI),"8,125,000"
SIGMA ALIMENTOS LACTEOS SA DE CV,Programa de Estímulos a la Innovación (PEI),"6,291,554"
SOLTEG SA DE CV,Programa de Estímulos a la Innovación (PEI),"3,706,875"
INNOVASOLVER S. DE R.L. DE C.V.,Programa de Estímulos a la Innovación (PEI),"1,689,896"
SUKARNE AGROINDUSTRIAL SA DE CV,Programa de Estímulos a la Innovación (PEI),"8,030,778"
"XANTRONIC, S.A DE C.V",Programa de Estímulos a la Innovación (PEI),"9,822,115"
"XNOX, S.A DE C.V.",Programa de Estímulos a la Innovación (PEI),"5,897,507"
INDEX CODE SA DE CV,Programa de Estímulos a la Innovación (PEI),"3,361,500"
"CREST NORTEAMERICA, SA DE CV",Programa de Estímulos a la Innovación (PEI),"3,160,971"
"SOLUCIONES TECNICAS PARA LA CONSTRUCCION DEL CENTRO, SA DE CV",Programa de Estímulos a la Innovación (PEI),"906,525"
CUPRUM FAB S.A. DE C.V.,Programa de Estímulos a la Innovación (PEI),"2,229,250"
SMK ELECTRONICA S.A. DE C.V,Programa de Estímulos a la Innovación (PEI),"2,311,359"
"PINTURA ESTAMPADO Y MONTAJE, S.A.P.I. DE C.V.",Programa de Estímulos a la Innovación (PEI),"5,598,913"
GRUPO LUXIN S.A.P.I DE C.V,Programa de Estímulos a la Innovación (PEI),"1,738,683"
INDUSTRIA COMERCIALIZADORA CHAJAR S.A. DE C.V.,Programa de Estímulos a la Innovación (PEI),"2,484,680"
BIOTECNOLOGÍA AGROINDUSTRIAL S.A. DE C.V.,Programa de Estímulos a la Innovación (PEI),"727,750"
TECNOLOGIA EN SERVICIOS BIOMEDICOS SAPI DE CV,Programa de Estímulos a la Innovación (PEI),"1,571,119"
"INGENIERÍA EN MANTENIMIENTO Y SISTEMAS, S.A. DE C.V.",Programa de Estímulos a la Innovación (PEI),"1,570,147"
"PLAMEX, S.A. DE C.V.",Programa de Estímulos a la Innovación (PEI),"6,702,439"
"OSMO CONSULTING, S.A. DE C.V.",Programa de Estímulos a la Innovación (PEI),"3,265,950"
"CENTRO DE CARACTERIZACIÓN E INVESTIGACIÓN EN MATERIALES, S.A. DE C.V.",Programa de Estímulos a la Innovación (PEI),"1,462,500"
BIOTECNOLOGIA MEXICANA DE MICROALGAS SA DE CV,Programa de Estímulos a la Innovación (PEI),"7,738,877"
AXIOMA ELECTRONICS SA DE CV,Programa de Estímulos a la Innovación (PEI),"1,611,742"
SINNTEC INNOVACION TECNOLOGICA SA DE CV,Programa de Estímulos a la Innovación (PEI),"1,409,326"
AXIOMA ELECTRONICS SA DE CV,Programa de Estímulos a la Innovación (PEI),"744,265"
TECNOLOGIA AMBIENTAL BIOMEX S.A. DE C.V.,Programa de Estímulos a la Innovación (PEI),"2,803,361"
AGROPECUARIA LA NORTEÑITA S.DE R.L. DE C.V.,Programa de Estímulos a la Innovación (PEI),"1,871,384"
COVESTRO S.A. DE C.V.,Programa de Estímulos a la Innovación (PEI),"467,021"
GECOSOFT SA DE CV,Programa de Estímulos a la Innovación (PEI),"1,849,747"
INNOVACIONES ALTERNATIVAS DEL SURESTE S.A DE C.V,Programa de Estímulos a la Innovación (PEI),"5,500,000"
LOM PROCESS CONTROL SA DE CV,Programa de Estímulos a la Innovación (PEI),"2,331,926"
NPC BUSINESS SOLUTIONS SA DE CV,Programa de Estímulos a la Innovación (PEI),"819,000"
ENERGÍA SUMINISTROS E INSTALACIONES S.A DE C.V,Programa de Estímulos a la Innovación (PEI),"6,963,201"
ENERGÍA SUMINISTROS E INSTALACIONES S.A DE C.V,Programa de Estímulos a la Innovación (PEI),"5,999,998"
"CONSORCIO CONTRU-COSS, S.A. DE C.V.",Programa de Estímulos a la Innovación (PEI),"1,879,525"
GRUPO TECHVER S.A. DE C.V.,Programa de Estímulos a la Innovación (PEI),"4,602,000"
"RUHRPUMPEN INDUSTRIAL, S.A. DE C.V.",Programa de Estímulos a la Innovación (PEI),"1,174,354"
THYSSENKRUPP PRESTA DE MÉXICO S.A DE C.V.,Programa de Estímulos a la Innovación (PEI),"15,764,500"
INTERCAMBIO MEXICANO DE COMERCIO S.A. DE C.V.,Programa de Estímulos a la Innovación (PEI),"9,998,500"
GREEN & BLUE MANUFACTURE S.A. DE C.V.,Programa de Estímulos a la Innovación (PEI),"6,808,250"
"INDUSTRIAL TAMTO DE PUEBLA, S.A. DE C.V.",Programa de Estímulos a la Innovación (PEI),"1,791,250"
PROFESIONAL 007 S.A. DE C.V.,Programa de Estímulos a la Innovación (PEI),"9,409,500"
COLOROBBIA MEXICO SA DE CV,Programa de Estímulos a la Innovación (PEI),"2,997,000"
TECNOLOGIA RENOVABLE DE MÉXICO S.A DE C.V,Programa de Estímulos a la Innovación (PEI),"5,500,000"
DESARROLLO CREATIVO AMERICANO S.A. DE C.V.,Programa de Estímulos a la Innovación (PEI),"5,000,001"
TECNOLOGIA RENOVABLE DE MÉXICO S.A DE C.V,Programa de Estímulos a la Innovación (PEI),"4,000,000"
"LAPISA, S.A. DE C.V",Programa de Estímulos a la Innovación (PEI),"1,262,967"
TOH TICS S.A. DE C.V.,Programa de Estímulos a la Innovación (PEI),"1,837,333"
AGROINTER SA DE CV,Programa de Estímulos a la Innovación (PEI),"2,928,500"
ENERGIAS RENOVABLES DEL SURESTE S.A DE C.V,Programa de Estímulos a la Innovación (PEI),"4,000,000"
"VIGILANCIA ONLINE, S.A. DE C.V.",Programa de Estímulos a la Innovación (PEI),"7,000,000"
CM INDUSTRIAL DE QUERETARO S DE RL DE CV,Programa de Estímulos a la Innovación (PEI),"9,953,506"
TEJIDOS Y ACABADOS INDUSTRIALES SA DE CV,Programa de Estímulos a la Innovación (PEI),"5,022,434"
TEXTILES LEON SA DE CV,Programa de Estímulos a la Innovación (PEI),"1,282,300"
PICSA DE MEXICO INTERNACIONAL S.A. DE .C.V.,Programa de Estímulos a la Innovación (PEI),"2,157,950"
CENTRO I+D+I PLENUM SA DE CV,Programa de Estímulos a la Innovación (PEI),"9,000,000"
PUNTO PEN S.A. DE C.V.,Programa de Estímulos a la Innovación (PEI),"4,617,750"
COMERCIAL ACROS WHIRLPOOL S.A. DE C.V.,Programa de Estímulos a la Innovación (PEI),"3,764,537"
ASESORÍA Y SERVICIOS DE INGENIERÍA PARA LA INDUSTRIA S.A. DE C.V.,Programa de Estímulos a la Innovación (PEI),"245,580"
PRODUCTOS MAVER S.A. DE C.V.,Programa de Estímulos a la Innovación (PEI),"6,305,023"
MAQUILAS TETA KAWI S.A. DE C.V.,Programa de Estímulos a la Innovación (PEI),"4,081,787"
"QUALTIA ALIMENTOS OPERACIONES, S. DE R. L. DE C.V.",Programa de Estímulos a la Innovación (PEI),"1,162,222"
"INDUSTRIAS EN SERVICIOS PLASTICOS MANUFACTURA, S.A.P.I. DE C.V.",Programa de Estímulos a la Innovación (PEI),"11,836,000"
GRUPO GAMMA PENINSULAR S.A. DE C.V.,Programa de Estímulos a la Innovación (PEI),"4,130,763"
GCC TRANSPORTE S.A. DE C.V.,Programa de Estímulos a la Innovación (PEI),"3,301,290"
FROZEN PULPS DE MEXICO S.A. DE C.V.,Programa de Estímulos a la Innovación (PEI),"4,392,153"
REPINEL ELECTRIC SOLUTIONS AND AUTOMATION SYSTEMS S.A. DE C.V.,Programa de Estímulos a la Innovación (PEI),"1,755,033"
FIXSO S. DE R.L. DE C.V.,Programa de Estímulos a la Innovación (PEI),"3,360,000"
"FERTILIZANTES TEPEYAC, S.A. DE C.V.",Programa de Estímulos a la Innovación (PEI),"1,562,500"
"TECNOLOGIA DE LOS RIOS, S.A. DE C.V.",Programa de Estímulos a la Innovación (PEI),"7,000,000"
SOTOLERA JACOBO SA DE CV,Programa de Estímulos a la Innovación (PEI),"4,998,750"
"AGROMOD, S.A. DE C.V.",Programa de Estímulos a la Innovación (PEI),"7,575,579"
GALAZ SCIENCE AND ENGINEERING SA DE CV,Programa de Estímulos a la Innovación (PEI),"4,765,500"
CITRICOS EX SA DE CV,Programa de Estímulos a la Innovación (PEI),"2,541,156"
"INGENIERIA QUANTICA SUPERIOR, S.A. DE C.V.",Programa de Estímulos a la Innovación (PEI),"4,773,601"
ASTI CONSULTORIA DE SOFTWARE SA DE CV,Programa de Estímulos a la Innovación (PEI),"1,777,866"
VITRO VIDRIO Y CRISTAL SA DE CV,Programa de Estímulos a la Innovación (PEI),"5,264,300"
"LAPISA, S.A. DE C.V",Programa de Estímulos a la Innovación (PEI),"2,359,245"
PROCESOS DE INNOVACION EN ALIMENTOS ROJE S.A DE.CV,Programa de Estímulos a la Innovación (PEI),"4,560,375"
INTELIGENCIA INDUSTRIAL INTI SA DE CV,Programa de Estímulos a la Innovación (PEI),"3,864,000"
TIS CONSULTING GROUP MEXICO S.A. DE C.V.,Programa de Estímulos a la Innovación (PEI),"3,992,375"
CECYPE SERVICES S DE RL DE CV,Programa de Estímulos a la Innovación (PEI),"4,590,500"
"NUCITEC, SA. DE CV.",Programa de Estímulos a la Innovación (PEI),"2,747,277"
"EMPACADORA BONNACARNE, S.A. DE C.V.",Programa de Estímulos a la Innovación (PEI),"13,020,350"
PICSA DE MEXICO INTERNACIONAL S.A. DE .C.V.,Programa de Estímulos a la Innovación (PEI),"2,258,825"
DIAMANTE COORPORACION S.A. DE C.V.,Programa de Estímulos a la Innovación (PEI),"1,055,180"
"TAIRDA INNOVATIONS, S.A. DE C.V.",Programa de Estímulos a la Innovación (PEI),"3,555,000"
METALINSPEC LABORATORIOS S.A. DE C.V.,Programa de Estímulos a la Innovación (PEI),"939,500"
KEET ELECTRONICS S.A. DE C.V.,Programa de Estímulos a la Innovación (PEI),"3,656,250"
"INDUSTRIALIZADORA DE CARNICOS STRATTEGA, S.A. DE C.V.",Programa de Estímulos a la Innovación (PEI),"5,181,776"
SONORA INNOVA S.A. DE C.V.,Programa de Estímulos a la Innovación (PEI),"3,460,000"
KAMER ECO GRANJA LA CAMPECHANA S. P. R. DE R. L. DE C. V.,Programa de Estímulos a la Innovación (PEI),"1,789,849"
"AMERICAN BEEF, S.A. DE C.V.",Programa de Estímulos a la Innovación (PEI),"9,898,170"
CODE INGENIERIA SA DE CV,Programa de Estímulos a la Innovación (PEI),"2,136,413"
TOC TECHNOLOGY OUTSOURCING CENTER S.A. DE C.V.,Programa de Estímulos a la Innovación (PEI),"4,127,010"
"TANGIBLE NOUS, S.A. DE C.V.",Programa de Estímulos a la Innovación (PEI),"3,109,308"
RASSINI FRENOS SA DE CV,Programa de Estímulos a la Innovación (PEI),"7,381,779"
"SOLUCIONES DIGITALES Y DE PROCESOS,  S.A. DE C.V.",Programa de Estímulos a la Innovación (PEI),"9,758,715"
TIS CONSULTING GROUP MEXICO S.A. DE C.V.,Programa de Estímulos a la Innovación (PEI),"2,985,750"
SUMINISTROS TERMO-ELECTROMECANICOS S. A. DE C. V.,Programa de Estímulos a la Innovación (PEI),"7,487,500"
PRONTIUS LABORATORIOS SA,Programa de Estímulos a la Innovación (PEI),"5,181,400"
CODE INGENIERIA SA DE CV,Programa de Estímulos a la Innovación (PEI),"2,892,258"
TEXNOLGICA SA DE CV,Programa de Estímulos a la Innovación (PEI),"4,618,000"
"FISACERO CORPORATION, S. DE R.L. DE C.V.",Programa de Estímulos a la Innovación (PEI),"12,133,590"
MICROCALLI DEL GOLFO SA DE CV,Programa de Estímulos a la Innovación (PEI),"1,807,850"
"KATCON, S.A. DE C.V.",Programa de Estímulos a la Innovación (PEI),"3,304,435"
"CERVECERIA CUAUHTEMOC MOCTEZUMA, S.A. DE C.V.",Programa de Estímulos a la Innovación (PEI),"10,383,853"
"METATRONIC LED.MX, S.A DE C.V",Programa de Estímulos a la Innovación (PEI),"5,159,318"
NANOPHARMACIA DIAGNOSTICA S.A. DE C.V.,Programa de Estímulos a la Innovación (PEI),"8,712,500"
HUF MEXICO S. DE R.L. DE C.V.,Programa de Estímulos a la Innovación (PEI),"10,981,100"
"MA15 MANAGEMENT, S.A. DE C.V.",Programa de Estímulos a la Innovación (PEI),"1,659,135"
RANCHO LUCERO S DE PR DE RL,Programa de Estímulos a la Innovación (PEI),"6,532,500"
MEZCLAS Y FERTILIZANTES S. A. DE C. V.,Programa de Estímulos a la Innovación (PEI),"2,398,725"
"LABORATORIOS LIOMONT, S.A. DE C.V.",Programa de Estímulos a la Innovación (PEI),"3,045,400"
CONDUCTORES MONTERREY SA DE CV,Programa de Estímulos a la Innovación (PEI),"12,071,279"
ZIPTEK MEXICO SA DE CV,Programa de Estímulos a la Innovación (PEI),"3,530,850"
SALVER BALONES SAPI DE CV,Programa de Estímulos a la Innovación (PEI),"3,073,847"
"AMUNET, S.A. DE C.V.",Programa de Estímulos a la Innovación (PEI),"9,899,000"
"FUNDICION AGUILAS, S.A. DE C.V.",Programa de Estímulos a la Innovación (PEI),"12,949,360"
FORTE AGRO ALIMENTOS S DE P R DE R L,Programa de Estímulos a la Innovación (PEI),"4,646,250"
COMERCIALIZADORA DE PRODUCTOS DE TRANSFORMACION ECOLOGICA SA DE CV,Programa de Estímulos a la Innovación (PEI),"4,940,000"
"KATCON, S.A. DE C.V.",Programa de Estímulos a la Innovación (PEI),"4,393,380"
CANTAB TECNOLOGÍA S. DE R. L. DE C. V.,Programa de Estímulos a la Innovación (PEI),"3,041,135"
MANUFACTURAS NATUREX SA DE CV,Programa de Estímulos a la Innovación (PEI),"1,579,961"
"SISTEMAS BOX, SA DE CV",Programa de Estímulos a la Innovación (PEI),"12,600,000"
GANPA SOFTWARE SOLUTIONS S DE RL DE CV,Programa de Estímulos a la Innovación (PEI),"3,368,625"
"METAPOL, S.A. DE C.V.",Programa de Estímulos a la Innovación (PEI),"5,711,638"
CENTRO PARA LA INNOVACIÓN Y EL CONOCIMIENTO TECNOLOGICO SA DE CV,Programa de Estímulos a la Innovación (PEI),"14,000,000"
"EMBSOFT, SA DE CV",Programa de Estímulos a la Innovación (PEI),"2,611,230"
"EMBSOFT, SA DE CV",Programa de Estímulos a la Innovación (PEI),"2,519,300"
"CTMI CENTRO DE TECNOLOGIA DE MICHOACAN, S.A DE C.V",Programa de Estímulos a la Innovación (PEI),"4,803,825"
PROYECTOS SUSTENTABLES DE LA PENÍNSULA SA DE CV,Programa de Estímulos a la Innovación (PEI),"7,000,001"
SODIF SA DE CV,Programa de Estímulos a la Innovación (PEI),"645,899"
SUNBIONICS S.A. DE C.V.,Programa de Estímulos a la Innovación (PEI),"3,420,000"
SINQUIMICA S.A. DE C.V.,Programa de Estímulos a la Innovación (PEI),"1,101,250"
ELECTRO SYSTEMS AND TECHNOLOGICAL SOLUTIONS SA DE CV,Programa de Estímulos a la Innovación (PEI),"3,844,576"
"AQUAINNOVA TECHNOLOGIES, S. DE R.L. DE C.V.",Programa de Estímulos a la Innovación (PEI),"5,490,955"
ENREMEX S DE RL DE CV,Programa de Estímulos a la Innovación (PEI),"3,111,555"
"LABORATORIOS SILANES, S.A. DE C.V.",Programa de Estímulos a la Innovación (PEI),"2,911,020"
TECPRO S. DE R. L. MI.,Programa de Estímulos a la Innovación (PEI),"175,770"
"EMPACADORA DE CARNES SAN FRANCISCO, S.A. DE C.V.",Programa de Estímulos a la Innovación (PEI),"3,879,364"
"LABORATORIOS CRYOPHARMA, S.A. DE C.V.",Programa de Estímulos a la Innovación (PEI),"6,962,545"
DUAL TALLERES METAL MECANICA SA DE CV,Programa de Estímulos a la Innovación (PEI),"11,013,348"
"CSA DE BAJA CALIFORNIA, S.A DE C.V",Programa de Estímulos a la Innovación (PEI),"4,360,905"
IDGREEN SA DE CV,Programa de Estímulos a la Innovación (PEI),"3,709,000"
GRUPO GESTION INTELIGENTE S DE RL,Programa de Estímulos a la Innovación (PEI),"4,943,000"
VERTESSENCE S.A. DE C.V.,Programa de Estímulos a la Innovación (PEI),"980,375"
CITRICOS EX SA DE CV,Programa de Estímulos a la Innovación (PEI),"1,337,634"
SERVICIOS PROFESIONALES DE SOFTWARE ODACC S DE RL DE CV,Programa de Estímulos a la Innovación (PEI),"3,396,420"
SERVICIOS PROFESIONALES DE SOFTWARE ODACC S DE RL DE CV,Programa de Estímulos a la Innovación (PEI),"3,607,089"
SASA-SOLUCIONES DE AUTOSERVICIOS Y SERVICIOS ASOCIADOS SA DE CV,Programa de Estímulos a la Innovación (PEI),"2,220,250"
SASA-SOLUCIONES DE AUTOSERVICIOS Y SERVICIOS ASOCIADOS SA DE CV,Programa de Estímulos a la Innovación (PEI),"2,246,750"
TEXNOLGICA SA DE CV,Programa de Estímulos a la Innovación (PEI),"3,929,745"
"LABORATORIOS SILANES, S.A. DE C.V.",Programa de Estímulos a la Innovación (PEI),"1,244,875"
"HAKKEN ENTERPRISE, S.A. DE C.V.",Programa de Estímulos a la Innovación (PEI),"7,610,571"
SOLUCIONES INTERACTIVAS DIGITALES S.A. DE C.V.,Programa de Estímulos a la Innovación (PEI),"2,754,438"
"CLARIMEX, S.A. DE C.V.",Programa de Estímulos a la Innovación (PEI),"1,950,000"
"PLASTICOS Y ALAMBRES, S.A. DE C.V.",Programa de Estímulos a la Innovación (PEI),"1,283,007"
"ENERCOTEC, S.A.P.I. DE C.V.",Programa de Estímulos a la Innovación (PEI),"3,540,000"
WPS MANUFACTURAS TECNOLOGICAS S DE RL MI DE CV,Programa de Estímulos a la Innovación (PEI),"3,675,000"
"SISTEMAS BOX, SA DE CV",Programa de Estímulos a la Innovación (PEI),"3,900,000"
MAQUILAS TETA KAWI S.A. DE C.V.,Programa de Estímulos a la Innovación (PEI),"10,963,528"
"GRUPO AVIMARCA, S.A DE C.V.",Programa de Estímulos a la Innovación (PEI),"1,878,421"
"BIOSISTEMAS Y SEGURIDAD PRIVADA, S.A. DE C.V.",Programa de Estímulos a la Innovación (PEI),"4,902,750"
"DESARROLLOS BIOMÉDICOS Y BIOTECNOLÓGICOS DE MÉXICO, S.A. DE C.V.",Programa de Estímulos a la Innovación (PEI),"13,279,184"
"PETROQUIMICA MEXICANA DE VINILO, SA DE CV",Programa de Estímulos a la Innovación (PEI),"16,563,627"
NEWBAUER S.A. DE C.V.,Programa de Estímulos a la Innovación (PEI),"2,141,420"
"LABORATORIOS SILANES, S.A. DE C.V.",Programa de Estímulos a la Innovación (PEI),"8,704,180"
FICOSA NORTH AMERICA S A DE C V,Programa de Estímulos a la Innovación (PEI),"4,566,426"
QUÍMICA DEL OESTE S.A.,Programa de Estímulos a la Innovación (PEI),"4,508,480"
BSS SOLUCIONES DE SISTEMAS S.A. DE C.V.,Programa de Estímulos a la Innovación (PEI),"1,675,500"
"LAPISA, S.A. DE C.V",Programa de Estímulos a la Innovación (PEI),"3,128,061"
CKICK TECNOLOGIA AVANZADA DEL MILENIO S DE RL DE CV,Programa de Estímulos a la Innovación (PEI),"1,497,149"
ABASTECEDORA DE PRODUCTOS E INSUMOS S.A. DE C.V.,Programa de Estímulos a la Innovación (PEI),"2,895,413"
"ORACLE DE MEXICO, S.A. DE C.V.",Programa de Estímulos a la Innovación (PEI),"7,633,754"
"TANOOKY, SA DE CV",Programa de Estímulos a la Innovación (PEI),"3,131,000"
AM DYNAMIC SERVICE SA DE CV,Programa de Estímulos a la Innovación (PEI),"2,475,000"
"MAEVE CONSULTORES TI, S.A. DE C.V.",Programa de Estímulos a la Innovación (PEI),"4,354,500"
"CENTRO PARA LA INNOVACION Y LA MOVILIDAD, S.A. DE C.V.",Programa de Estímulos a la Innovación (PEI),"3,900,000"
TLACHIA SYSTEMS SA DE CV,Programa de Estímulos a la Innovación (PEI),"2,710,100"
FURUKAWA MEXICO SA DE CV,Programa de Estímulos a la Innovación (PEI),"7,833,878"
TLACHIA SYSTEMS SA DE CV,Programa de Estímulos a la Innovación (PEI),"3,571,975"
SOLUCIONES ESTRATÉGICAS PARA LAS DECISIONES EMPRESARIALES S.A. DE C.V.,Programa de Estímulos a la Innovación (PEI),"1,430,062"
CICAINTE S DE RL DE CV,Programa de Estímulos a la Innovación (PEI),"2,142,299"
"INFORMÁTICA, MANTENIMIENTO Y SISTEMAS S.A. DE C.V.",Programa de Estímulos a la Innovación (PEI),"1,570,785"
"NANOMAT, S.A. DE C.V.",Programa de Estímulos a la Innovación (PEI),"3,085,413"
DISTRIBUIDORA DE INNOVACIÓN Y TECNOLOGÍA S.A. DE C.V.,Programa de Estímulos a la Innovación (PEI),"1,920,939"
4E POWER AND FUELS S. DE R.L.,Programa de Estímulos a la Innovación (PEI),"800,000"
CORPORACION ACAT SA DE CV,Programa de Estímulos a la Innovación (PEI),"5,298,810"
WIN INFORMATION TECHNOLOGIES S DE RL DE CV,Programa de Estímulos a la Innovación (PEI),"4,270,348"
TLACHIA SYSTEMS SA DE CV,Programa de Estímulos a la Innovación (PEI),"3,651,600"
AGROINDUSTRIA ALTERNATIVA DEL SURESTE S.P.R. DE R.L. DE C.V.,Programa de Estímulos a la Innovación (PEI),"3,032,953"
"METAL CASTING TECHNOLOGY CASTECH, S DE RL DE CV",Programa de Estímulos a la Innovación (PEI),"7,312,000"
"INGENIERÍA RECONSTRUCTIVA, S.A. DE C.V.",Programa de Estímulos a la Innovación (PEI),"3,661,048"
LABORATORIOS BIOSUNVEX S.A. DE C.V.,Programa de Estímulos a la Innovación (PEI),"1,570,502"
COMERCIALIZADORA INFINICOM S. DE R.L. DE C.V.,Programa de Estímulos a la Innovación (PEI),"1,870,837"
ENSITECH DE MEXICO S.A. DE C.V.,Programa de Estímulos a la Innovación (PEI),"1,712,000"
TENEDORA NEMAK S.A. DE C.V.,Programa de Estímulos a la Innovación (PEI),"7,324,681"
AGRONEGSUS SA DE CV,Programa de Estímulos a la Innovación (PEI),"1,340,100"
ECOLOGICOS INTERNACIONALES DE MEXICO SA DE CV,Programa de Estímulos a la Innovación (PEI),"3,850,528"
"NANOMATERIALES, S.A. DE C.V.",Programa de Estímulos a la Innovación (PEI),"2,688,645"
SALAG MEXICO SA DE CV,Programa de Estímulos a la Innovación (PEI),"5,843,989"
ORGANICUM S. DE R.L. DE C.V.,Programa de Estímulos a la Innovación (PEI),"5,039,175"
ORGANICUM S. DE R.L. DE C.V.,Programa de Estímulos a la Innovación (PEI),"4,158,950"
SELFTEC SA DE CV,Programa de Estímulos a la Innovación (PEI),"7,007,907"
TRANSFORMADORES INTELIGÉNTES DE MÉXICO SAPI DE CV,Programa de Estímulos a la Innovación (PEI),"2,517,215"
"BIOCIENCIAS F Y A, S.A. DE C.V.",Programa de Estímulos a la Innovación (PEI),"8,240,000"
INVESTIGACION APLICADA SA DE CV,Programa de Estímulos a la Innovación (PEI),"862,625"
RODAS COMPUTACION SA DE CV,Programa de Estímulos a la Innovación (PEI),"1,671,300"
VIRETEC GESTION Y DESARROLLO S.A. DE C.V.,Programa de Estímulos a la Innovación (PEI),"2,347,282"
HEALTHCARE BUSINESS AND COMPUTER TECHNOLOGY SA DE CV,Programa de Estímulos a la Innovación (PEI),"5,102,854"
FCDIGITAL MÉXICO S.A DE C.V,Programa de Estímulos a la Innovación (PEI),"1,618,276"
PARR CHEMICALS S.A. DE C.V.,Programa de Estímulos a la Innovación (PEI),"4,058,849"
TRANSPORTES ONLINE S. DE R.L. DE C.V.,Programa de Estímulos a la Innovación (PEI),"7,928,378"
"POLIOLES, S.A. DE C.V.",Programa de Estímulos a la Innovación (PEI),"3,531,510"
"TECHNICAL PRO SYSTEM, S.A. DE C.V.",Programa de Estímulos a la Innovación (PEI),"4,934,000"
PROTOWARE SA DE CV,Programa de Estímulos a la Innovación (PEI),"3,995,900"
ACTION SPORT DISTRIBUTION S.A. DE C.V.,Programa de Estímulos a la Innovación (PEI),"2,231,888"
GRANJAS MARINAS DE SINALOA SA DE CV,Programa de Estímulos a la Innovación (PEI),"19,064,059"
STEEL & TRUCKS SA DE CV,Programa de Estímulos a la Innovación (PEI),"3,091,422"
AVIPRESA NUTRICION ANIMAL SA DE CV,Programa de Estímulos a la Innovación (PEI),"3,673,200"
FORTACERO SA DE CV,Programa de Estímulos a la Innovación (PEI),"28,388,568"
MULKIN TECHNOLOGY SERVICES SA DE CV,Programa de Estímulos a la Innovación (PEI),"1,658,506"
PROSASOL SPR DE RI,Programa de Estímulos a la Innovación (PEI),"1,799,700"
KOLBENSCHMIDT DE MÉXICO S. DE R.L. DE C.V.,Programa de Estímulos a la Innovación (PEI),"3,880,486"
GRUPO NOIL TELECOMUNICACIONES S.A. DE C.V.,Programa de Estímulos a la Innovación (PEI),"3,102,000"
METAL INNOVATIONS SA DE CV,Programa de Estímulos a la Innovación (PEI),"5,205,595"
DUXTU SA DE CV,Programa de Estímulos a la Innovación (PEI),"3,413,035"
"BIO NUTRIENTS INTERNATIONAL, S. DE R.L. DE C.V.",Programa de Estímulos a la Innovación (PEI),"4,780,100"
LEV TRADING COMPANY S.A. DE C.V.,Programa de Estímulos a la Innovación (PEI),"4,746,500"
VITRO VIDRIO Y CRISTAL SA DE CV,Programa de Estímulos a la Innovación (PEI),"5,579,138"
OPTIMAL BERRY S DE RL DE CV,Programa de Estímulos a la Innovación (PEI),"7,816,276"
GLOBALMET SAPI DE CV,Programa de Estímulos a la Innovación (PEI),"4,641,600"
"XT AUTODIDACTAS INTELIGENTES, S.A DE C.V",Programa de Estímulos a la Innovación (PEI),"5,853,171"
TECNOLOGIA DE CALIDAD SA DE CV,Programa de Estímulos a la Innovación (PEI),"10,105,389"
SANCHEZ S.A. DE C.V.,Programa de Estímulos a la Innovación (PEI),"785,740"
INDUSTRIAL OCHOA S.A. DE C.V.,Programa de Estímulos a la Innovación (PEI),"1,626,730"
SANCHEZ S.A. DE C.V.,Programa de Estímulos a la Innovación (PEI),"1,036,088"
GESTAMP TOLUCA SA DE CV,Programa de Estímulos a la Innovación (PEI),"3,132,582"
NAIKA GROUP SA DE CV,Programa de Estímulos a la Innovación (PEI),"2,860,946"
SANCHEZ S.A. DE C.V.,Programa de Estímulos a la Innovación (PEI),"1,038,525"
VENTAJA DE NEGOCIACION SA DE CV,Programa de Estímulos a la Innovación (PEI),"6,519,955"
ASESORIA ESPECIALIZADA EVENING STAR SA DE CV,Programa de Estímulos a la Innovación (PEI),"4,190,766"
LABORATORIOS VIRBAC MEXICO S.A. DE C.V.,Programa de Estímulos a la Innovación (PEI),"1,741,353"
SISTEMAS AGROTEC S.A. DE C.V.,Programa de Estímulos a la Innovación (PEI),"1,868,675"
LOGYKOPT S.A. DE C.V.,Programa de Estímulos a la Innovación (PEI),"2,199,150"
RASSINI FRENOS SA DE CV,Programa de Estímulos a la Innovación (PEI),"5,621,234"
GENOMA MOBIL SA DE CV,Programa de Estímulos a la Innovación (PEI),"2,098,500"
"TECNOLOGIA Y PRODUCTOS ESPECIALES, S.A. DE C.V.",Programa de Estímulos a la Innovación (PEI),"4,868,990"
DOW QUIMICA MEXICANA S.A. DE C.V.,Programa de Estímulos a la Innovación (PEI),"3,716,482"
REMA SOLUTIONS SA DE CV,Programa de Estímulos a la Innovación (PEI),"6,908,000"
AXELERATUM S.A. DE C.V.,Programa de Estímulos a la Innovación (PEI),"4,632,620"
"BAYER DE MEXICO, S. A. DE C. V.",Programa de Estímulos a la Innovación (PEI),"2,414,380"
ELECTRICA AUTOMOTRIZ OMEGA SA DE CV,Programa de Estímulos a la Innovación (PEI),"4,691,665"
INNOVATIONS TECHNOLOGICAL WORLD S DE RL DE CV,Programa de Estímulos a la Innovación (PEI),"2,564,558"
CATECNA NEGOCIOS TECNOLÓGICOS S.A. DE C.V.,Programa de Estímulos a la Innovación (PEI),"14,347,275"
INDUSTRIAS MARVES SA DE CV,Programa de Estímulos a la Innovación (PEI),"6,367,149"
"MANTENIMIENTO A DISTANCIA DE MEXICO, S.A. DE C.V.",Programa de Estímulos a la Innovación (PEI),"3,698,500"
KUBEET S. DE R.L. DE C.V.,Programa de Estímulos a la Innovación (PEI),"1,465,480"
INDUSTRIAS MARVES SA DE CV,Programa de Estímulos a la Innovación (PEI),"5,258,622"
"LAPISA, S.A. DE C.V",Programa de Estímulos a la Innovación (PEI),"2,043,155"
"ELDORADO DISTRIBUCIONES, S.A DE C.V.",Programa de Estímulos a la Innovación (PEI),"4,839,500"
"ALTECSA, S.A. DE C.V.",Programa de Estímulos a la Innovación (PEI),"3,072,132"
CAASSIN EL PIZCADOR SINALOENSE SA DE CV,Programa de Estímulos a la Innovación (PEI),"4,960,394"
VIME DEVICES S.A. DE C.V.,Programa de Estímulos a la Innovación (PEI),"2,321,450"
ENERGÍAS ALTERNAS S.A. DE C.V.,Programa de Estímulos a la Innovación (PEI),"6,607,540"
PRODUCTORES DE FRUTAS TROPICALES PROCESADAS MOLINARI SPR DE RL,Programa de Estímulos a la Innovación (PEI),"3,148,604"
VIRETEC GESTION Y DESARROLLO S.A. DE C.V.,Programa de Estímulos a la Innovación (PEI),"2,143,482"
"INSECTICIDAS DEL PACIFICO, S.A. DE C.V",Programa de Estímulos a la Innovación (PEI),"1,947,803"
LITGO SA DE CV,Programa de Estímulos a la Innovación (PEI),"4,602,070"
IBM DE MÉXICO COMERCIALIZACIÓN Y SERVICIOS S. DE R.L. DE C.V.,Programa de Estímulos a la Innovación (PEI),"6,266,162"
"SEI MEDICAL, S.A. DE C.V.",Programa de Estímulos a la Innovación (PEI),"18,002,500"
MEXI FOOD S.A. DE C.V.,Programa de Estímulos a la Innovación (PEI),"4,997,716"
"PRODUCTORA DE ENVASES THERMOPLÁSTICOS, S.A.P.I. DE C.V.",Programa de Estímulos a la Innovación (PEI),"9,327,096"
"FORD MOTOR COMPANY, S.A. DE C.V.",Programa de Estímulos a la Innovación (PEI),"143,935"
WIN INFORMATION TECHNOLOGIES S DE RL DE CV,Programa de Estímulos a la Innovación (PEI),"3,886,998"
CREATIVOS PRÁCTICOS SA DE CV,Programa de Estímulos a la Innovación (PEI),"3,972,750"
TISE TECNOLOGIA INTEGRAL S.A. DE C.V.,Programa de Estímulos a la Innovación (PEI),"3,857,248"
CEREALES Y PASTAS SA DE CV,Programa de Estímulos a la Innovación (PEI),"6,459,959"
A SCHULMAN DE MEXICO SA DE CV,Programa de Estímulos a la Innovación (PEI),"1,990,861"
MEDIZONE SA DE CV,Programa de Estímulos a la Innovación (PEI),"4,597,981"
"INDUSTRIAS LAVIN DE MEXICO, S.A. DE C.V.",Programa de Estímulos a la Innovación (PEI),"3,325,004"
CONDUCTORES MONTERREY SA DE CV,Programa de Estímulos a la Innovación (PEI),"1,973,443"
RENYSON DE MÉXICO S.A. DE C.V.,Programa de Estímulos a la Innovación (PEI),"5,062,500"
GELPHARMA S.A. DE C.V.,Programa de Estímulos a la Innovación (PEI),"1,613,273"
SOLUCIONES TECNOLOGICAS CON MICROALGAS SA DE CV,Programa de Estímulos a la Innovación (PEI),"1,968,750"
"CAFE DEL PACIFICO, S.A.P.I DE C.V.",Programa de Estímulos a la Innovación (PEI),"5,731,470"
"STELAGENOMICS MEXICO, S DE RL DE CV",Programa de Estímulos a la Innovación (PEI),"781,596"
BIOPRESERVED S.A DE C.V.,Programa de Estímulos a la Innovación (PEI),"445,967"
SCHWEITZER ENGINEERING LABORATORIES S.A. DE C.V.,Programa de Estímulos a la Innovación (PEI),"1,889,772"
MINERALES QUERETANOS S.A. DE C.V.,Programa de Estímulos a la Innovación (PEI),"1,991,311"
IDEAR ELECTRONICA S.A. DE C.V.,Programa de Estímulos a la Innovación (PEI),"3,445,200"
"VINCON, S.A. DE C.V.",Programa de Estímulos a la Innovación (PEI),"4,100,630"
"AUGUSTO LEON CASTILLO, SERVICIO Y MANTENIMIENTO SA DE CV",Programa de Estímulos a la Innovación (PEI),"1,856,413"
"PROMOTORA INDUSTRIAL ACUASISTEMAS, S.A. DE C.V.",Programa de Estímulos a la Innovación (PEI),"7,825,036"
INVESTIGACION APLICADA SA DE CV,Programa de Estímulos a la Innovación (PEI),"977,788"
"FORD MOTOR COMPANY, S.A. DE C.V.",Programa de Estímulos a la Innovación (PEI),"1,172,332"
"VITALMEX INTERNACIONAL, S.A. DE C.V.",Programa de Estímulos a la Innovación (PEI),"9,760,488"
INBLAY TECHNOLOGY SA DE CV,Programa de Estímulos a la Innovación (PEI),"6,000,000"
ACEROS Y METALES HERCA SA DE CV,Programa de Estímulos a la Innovación (PEI),"5,566,220"
BEAVER PLASTICS DE MEXICO S.A. DE C.V.,Programa de Estímulos a la Innovación (PEI),"2,644,800"
"LABORATORIOS SILANES, S.A. DE C.V.",Programa de Estímulos a la Innovación (PEI),"1,167,741"
ELECTRONICA Y AUTOMATIZACION DEL NORESTE SA DE CV,Programa de Estímulos a la Innovación (PEI),"756,000"
"RESIRENE, S.A. DE C.V.",Programa de Estímulos a la Innovación (PEI),"1,381,511"
"GONET MEXICO, S.A. DE C.V.",Programa de Estímulos a la Innovación (PEI),"7,649,099"
VISCOFAN DE MEXICO S DE RL DE CV,Programa de Estímulos a la Innovación (PEI),"1,895,836"
"SOMERSET TECHNOLOGIES, S.A. DE C.V.",Programa de Estímulos a la Innovación (PEI),"4,973,588"
EMPACADORA MURGATI S.A DE C.V,Programa de Estímulos a la Innovación (PEI),"4,246,264"
"LABORATORIOS QUIVER, S.A. DE C.V.",Programa de Estímulos a la Innovación (PEI),"4,879,114"
NEZTER LANDING SOLUTIONS SA DE CV,Programa de Estímulos a la Innovación (PEI),"3,671,725"
MIRACLE TV MEXICO S. DE R.L. DE C.V.,Programa de Estímulos a la Innovación (PEI),"13,681,801"
"QUALTIA ALIMENTOS OPERACIONES, S. DE R. L. DE C.V.",Programa de Estímulos a la Innovación (PEI),"8,752,118"
PROCESOS MODERNOS DE LEON S.A DE C.V,Programa de Estímulos a la Innovación (PEI),"2,883,000"
"DISEÑO DE MAQUINARIA DE TRANSFORMACION, S.A. DE C.V.",Programa de Estímulos a la Innovación (PEI),"2,453,795"
"EQUIPOS Y SISTEMAS HIDRAULICOS, S.A. DE C.V.",Programa de Estímulos a la Innovación (PEI),"6,951,943"
"METAPLUS, S.A. DE C.V.",Programa de Estímulos a la Innovación (PEI),"1,015,760"
EXPERTPLAN CONSULTING & CONSTRUCTION SA DE CV,Programa de Estímulos a la Innovación (PEI),"27,000,000"
COMPASS CONSULTORÍA EN INNOVACIÓN TECNOLÓGICA S.A.P.I. DE C.V.,Programa de Estímulos a la Innovación (PEI),"3,343,750"
"ALTECSA, S.A. DE C.V.",Programa de Estímulos a la Innovación (PEI),"2,926,540"
"RESIRENE, S.A. DE C.V.",Programa de Estímulos a la Innovación (PEI),"1,341,644"
"INDUSTRIALIZADORA DE CARNICOS STRATTEGA, S.A. DE C.V.",Programa de Estímulos a la Innovación (PEI),"11,477,000"
"VIDRIO ARTESANAL XA QUIXE, S. DE R. L. MI. ART.",Programa de Estímulos a la Innovación (PEI),"1,466,121"
"ANALISIS Y PROSPECTIVA TECNOLOGICA, SA DE CV",Programa de Estímulos a la Innovación (PEI),"2,860,438"
DIQUISA S.A. DE C.V.,Programa de Estímulos a la Innovación (PEI),"3,419,052"
"NOVARTIS FARMACEUTICA, S.A. DE C.V.",Programa de Estímulos a la Innovación (PEI),"507,458"
PRINCIPIO ECOLOGICO S.A DE C.V.,Programa de Estímulos a la Innovación (PEI),"4,074,300"
EDGE DESIGN S.A DE C.V.,Programa de Estímulos a la Innovación (PEI),"2,370,301"
GRUPO ALTERNATIVO DE IDEAS AMBIENTALES SA DE CV,Programa de Estímulos a la Innovación (PEI),"3,616,073"
ESTRUCTURAS METÁLICAS DE PUEBLA S.A. DE C.V.,Programa de Estímulos a la Innovación (PEI),"3,619,140"
CASA PLARRE S. A . DE C.V.,Programa de Estímulos a la Innovación (PEI),"3,252,000"
"FUNDACION INTERDISCIPLINARIA PARA EL DESARROLLO EMPRESARIAL, S. DE R.L. DE C.V.",Programa de Estímulos a la Innovación (PEI),"3,080,769"
TRADEMIN S DE RL DE CV,Programa de Estímulos a la Innovación (PEI),"6,701,866"
"REDES, ARCOS Y NODOS, SAPI DE C.V.",Programa de Estímulos a la Innovación (PEI),"1,273,950"
TU CAUSA EN MOVIMIENTO S.A. DE C.V.,Programa de Estímulos a la Innovación (PEI),"2,564,500"
GRUPO PERFIMEXA SA DE CV,Programa de Estímulos a la Innovación (PEI),"4,457,070"
ZUKARA SA DE CV,Programa de Estímulos a la Innovación (PEI),"1,041,000"
ACUACULTORES ASOCIADOS SANTA RITA SC DE RL DE CV,Programa de Estímulos a la Innovación (PEI),"2,542,289"
A&P SOLUTIONS SA DE CV,Programa de Estímulos a la Innovación (PEI),"2,531,203"
KALTIA CONSULTORIA Y PROYECTOS S.A. DE C.V.,Programa de Estímulos a la Innovación (PEI),"3,970,420"
"LARC INDUSTRIES, SA DE CV",Programa de Estímulos a la Innovación (PEI),"1,859,627"
"SOMERSET TECHNOLOGIES, S.A. DE C.V.",Programa de Estímulos a la Innovación (PEI),"7,446,980"
"FLOTAMEX, S.A. DE C.V.",Programa de Estímulos a la Innovación (PEI),"676,678"
PRODUCTORA DE CAL DE YUCATAN SA DE CV,Programa de Estímulos a la Innovación (PEI),"2,205,861"
TECNOSURF SA DE CV,Programa de Estímulos a la Innovación (PEI),"4,578,600"
PROYECTOS SUSTENTABLES DE LA PENÍNSULA SA DE CV,Programa de Estímulos a la Innovación (PEI),"6,000,001"
INDUSTRIAS TARGARIEN S. R.L. DE .C.V.,Programa de Estímulos a la Innovación (PEI),"5,753,000"
INNO TEC ALIMENTOS S DE RL DE CV,Programa de Estímulos a la Innovación (PEI),"3,525,000"
FRITOS TOTIS S.A DE C.V,Programa de Estímulos a la Innovación (PEI),"2,260,942"
"SISTEMAS INTEGRALES DE DIAGNÓSTICO, S. A. DE C. V.",Programa de Estímulos a la Innovación (PEI),"3,313,912"
ANTECNOLOGIES S DE RL,Programa de Estímulos a la Innovación (PEI),"2,977,250"
PP MAR S DE RL DE CV,Programa de Estímulos a la Innovación (PEI),"2,100,002"
QENER SA DE CV,Programa de Estímulos a la Innovación (PEI),"14,144,948"
VIVITEC DISEÑO E INNOVACION TECNOLOGICA S.A. DE C.V.,Programa de Estímulos a la Innovación (PEI),"2,199,100"
PIELES Y DERIVADOS INTERNACIONALES SA DE CV,Programa de Estímulos a la Innovación (PEI),"2,958,170"
J.GARCIA COMERCIALIZACION Y SERVICIOS SA DE CV,Programa de Estímulos a la Innovación (PEI),"2,419,250"
INDIGO ALIMENTOS E INNOVACION SA DE CV,Programa de Estímulos a la Innovación (PEI),"4,658,750"
TECNO RED VARLI S. DE R.L. DE C.V.,Programa de Estímulos a la Innovación (PEI),"1,669,973"
"XPERTO INTEGRAL SYSTEMS, S.A. DE C.V.",Programa de Estímulos a la Innovación (PEI),"1,442,440"
ASOCIADOS EN TRANSFERENCIA DEL CONOCIMIENTO S.A. DE C.V.,Programa de Estímulos a la Innovación (PEI),"3,425,000"
MAKRO SOLUCIONES DE TECNOLOGIA SA DE CV,Programa de Estímulos a la Innovación (PEI),"2,422,406"
HIELO DE MONTECRISTO SA DE CV,Programa de Estímulos a la Innovación (PEI),"3,925,000"
"TECSOLUX, S.A. DE C.V.",Programa de Estímulos a la Innovación (PEI),"4,998,196"
CASA PLARRE S. A . DE C.V.,Programa de Estímulos a la Innovación (PEI),"904,659"
"MOLDEO Y CENTRIFUGADO DE METALES, S.A. DE C.V.",Programa de Estímulos a la Innovación (PEI),"8,168,164"
"PRODUCTORES LA BUENA TIERRA, S.P.R. DE R.L.",Programa de Estímulos a la Innovación (PEI),"4,965,400"
CARU ARDICA SA DE CV,Programa de Estímulos a la Innovación (PEI),"4,529,400"
APLICACIONES MECATRONICAS DE CIUDAD VICTORIA S. DE R.L. MI.,Programa de Estímulos a la Innovación (PEI),"1,637,834"
"IMBERA, S.A. DE C.V.",Programa de Estímulos a la Innovación (PEI),"6,775,699"
TECNOLOGÍA MODULAR EN BARDAS SA DE CV,Programa de Estímulos a la Innovación (PEI),"5,396,250"
ADMAN LEKU S.A. DE C.V.,Programa de Estímulos a la Innovación (PEI),"8,441,860"
OZONO POWERFULL DE MEXICO SA DE CV,Programa de Estímulos a la Innovación (PEI),"4,978,713"
FORJACHISA S.A. DE C.V.,Programa de Estímulos a la Innovación (PEI),"5,656,213"
"SIGOB, S.A. DE C.V.",Programa de Estímulos a la Innovación (PEI),"3,777,750"
"SOLEXVINTEL, S.A. DE C.V.",Programa de Estímulos a la Innovación (PEI),"9,661,454"
INNOVACION INDUSTRIAL CORPORATIVA SA DE CV,Programa de Estímulos a la Innovación (PEI),"2,470,108"
CHILE PEPE S.A. DE C.V.,Programa de Estímulos a la Innovación (PEI),"20,852,500"
VIVITEC DISEÑO E INNOVACION TECNOLOGICA S.A. DE C.V.,Programa de Estímulos a la Innovación (PEI),"1,435,950"
SISTEMAS CLIMATIZADOS S.A. DE C.V.,Programa de Estímulos a la Innovación (PEI),"3,950,035"
REACCIONES QUIMICAS SA DE CV,Programa de Estímulos a la Innovación (PEI),"2,106,436"
"CHIVA SENTADA, S. DE R.L. MI. DE C.V.",Programa de Estímulos a la Innovación (PEI),"2,463,897"
LABORATORIO TECNICO EPS SA DE CV,Programa de Estímulos a la Innovación (PEI),"1,322,500"
"TECSOSA, S.A. DE C.V.",Programa de Estímulos a la Innovación (PEI),"4,986,851"
"MECA TECNOLOGÍAS, S. DE R.L. DE C.V.",Programa de Estímulos a la Innovación (PEI),"4,273,438"
MABE S.A DE C.V,Programa de Estímulos a la Innovación (PEI),"2,218,662"
"CENTRO IMPULSOR DE ESTUDIOS AGROALIMENTARIOS, S.A. DE C.V.",Programa de Estímulos a la Innovación (PEI),"6,925,730"
GTCO SA DE CV,Programa de Estímulos a la Innovación (PEI),"5,836,287"
"ANIMACTIVA, S.A. DE C.V.",Programa de Estímulos a la Innovación (PEI),"2,510,500"
"KRISMAR COMPUTACION TOLUCA, S. DE R. L. DE C. V.",Programa de Estímulos a la Innovación (PEI),"4,510,000"
"CARETAS REV, S.A. DE C.V.",Programa de Estímulos a la Innovación (PEI),"586,404"
TECNOLOGÍAS SILBIT DE MÉXICO S.A. DE C.V.,Programa de Estímulos a la Innovación (PEI),"2,922,250"
HEALTHCARE BUSINESS AND COMPUTER TECHNOLOGY SA DE CV,Programa de Estímulos a la Innovación (PEI),"4,500,000"
KOPPERT MEXICO SA DE CV,Programa de Estímulos a la Innovación (PEI),"864,820"
"INGENIERIA QUANTICA SUPERIOR, S.A. DE C.V.",Programa de Estímulos a la Innovación (PEI),"6,911,967"
"EQUIPOS INOXIDABLES DEL NORTE, S.A. DE C.V.",Programa de Estímulos a la Innovación (PEI),"4,731,731"
"INDUSTRIAS PLASTICAS MEDICAS, S.A. DE C.V.",Programa de Estímulos a la Innovación (PEI),"3,080,336"
PALOMINO RECTIFICACIONES S.A. DE C.V.,Programa de Estímulos a la Innovación (PEI),"9,914,063"
A&P SOLUTIONS SA DE CV,Programa de Estímulos a la Innovación (PEI),"3,866,581"
KIMMKAAL AGROSOLUCIONES SA DE CV,Programa de Estímulos a la Innovación (PEI),"5,043,060"
"FABRICA DE PINTURAS UNIVERSALES, SA DE CV.",Programa de Estímulos a la Innovación (PEI),"4,171,924"
DSM DESARROLLOS TECNOLÓGICOS DE HIDALGO S. A. DE C. V.,Programa de Estímulos a la Innovación (PEI),"886,191"
"ISA INDUSTRIAL DEL PACIFICO, S.A. DE C.V.",Programa de Estímulos a la Innovación (PEI),"4,974,704"
GENERACION DE VALOR Y TECNOLOGIA SA DE CV,Programa de Estímulos a la Innovación (PEI),"4,999,999"
KNOWLEDGE AND CAPITAL S.A. DE C.V.,Programa de Estímulos a la Innovación (PEI),"5,062,500"
BIOS TECNOLOGIA APLICADA S DE RL DE CV,Programa de Estímulos a la Innovación (PEI),"3,500,000"
ALTERNOS Y RECICLADOS PAVETECH SA DE CV,Programa de Estímulos a la Innovación (PEI),"9,963,250"
"QUIMI KAO, S.A DE C.V.",Programa de Estímulos a la Innovación (PEI),"809,426"
"NUCITEC, SA. DE CV.",Programa de Estímulos a la Innovación (PEI),"959,461"
BIOPRESERVED S.A DE C.V.,Programa de Estímulos a la Innovación (PEI),"5,614,000"
"GOVAL INTERNACIONAL, S.A DE C.V.",Programa de Estímulos a la Innovación (PEI),"2,990,000"
SEC APP TECHNOLOGIES S.A. DE C.V.,Programa de Estímulos a la Innovación (PEI),"2,843,100"
GAMA3D S DE RL DE CV,Programa de Estímulos a la Innovación (PEI),"2,812,500"
GERSA TECNOLOGÍA S.A DE C.V,Programa de Estímulos a la Innovación (PEI),"1,130,183"
"SOCCER ESPECIALISTA EN ARQUEROS, S.A. DE C.V",Programa de Estímulos a la Innovación (PEI),"2,053,980"
CONSULTORIA ESTRATEGICA DE TECNOLOGIA DE INFORMACION S.A. DE C.V.,Programa de Estímulos a la Innovación (PEI),"6,579,600"
REACCIONES QUIMICAS SA DE CV,Programa de Estímulos a la Innovación (PEI),"1,812,160"
"DEACERO, S.A.P.I. DE C.V.",Programa de Estímulos a la Innovación (PEI),"1,157,735"
GRUPO CAROLINA S.A.,Programa de Estímulos a la Innovación (PEI),"7,832,600"
"LAPISA, S.A. DE C.V",Programa de Estímulos a la Innovación (PEI),"1,715,282"
"XT AUTODIDACTAS INTELIGENTES, S.A DE C.V",Programa de Estímulos a la Innovación (PEI),"6,347,170"
CALZADO BLASITO.SA. DE C.V.,Programa de Estímulos a la Innovación (PEI),"2,340,355"
ENSYS S.A. DE C.V.,Programa de Estímulos a la Innovación (PEI),"1,161,500"
"PLASTICOS AUTOMOTRICES DE SAHAGUN, S.A. DE C.V.",Programa de Estímulos a la Innovación (PEI),"3,565,735"
"FLOTAMEX, S.A. DE C.V.",Programa de Estímulos a la Innovación (PEI),"1,129,430"
TRITURADOS GRAMOL S. A .DE C. V.,Programa de Estímulos a la Innovación (PEI),"7,109,800"
"INDUSTRIAS BIOQUIM,S.A. DE C.V.",Programa de Estímulos a la Innovación (PEI),"4,303,996"
"INSTITUTO DE EXCELENCIA EN ENTRENAMIENTO  EXENT, S.A. DE C.V",Programa de Estímulos a la Innovación (PEI),"4,026,798"
"MERCANTICA, S.A. DE C.V.",Programa de Estímulos a la Innovación (PEI),"4,000,625"
MABE S.A DE C.V,Programa de Estímulos a la Innovación (PEI),"4,501,974"
CONSULTORIA COMPUTACIONAL Y EDUCATIVA S. DE R.L. DE C.V.,Programa de Estímulos a la Innovación (PEI),"1,046,300"
CCLP SA DE CV,Programa de Estímulos a la Innovación (PEI),"675,288"
"SOLUCIONES Y TECNOLOGIAS BIOMEDICAS, S.A. DE C.V.",Programa de Estímulos a la Innovación (PEI),"4,835,300"
GERSA MONTERREY S.A DE C.V.,Programa de Estímulos a la Innovación (PEI),"3,474,118"
"SOLUCIONES Y TECNOLOGIAS BIOMEDICAS, S.A. DE C.V.",Programa de Estímulos a la Innovación (PEI),"5,971,721"
"COMERCIAL MEXICANA DE PINTURAS, SA DE CV",Programa de Estímulos a la Innovación (PEI),"620,323"
"CENTRO PARA LA INNOVACION Y LA MOVILIDAD, S.A. DE C.V.",Programa de Estímulos a la Innovación (PEI),"7,500,000"
ITECH 1.618 S.A. DE C.V.,Programa de Estímulos a la Innovación (PEI),"2,420,890"
ATQIA S DE RL DE CV,Programa de Estímulos a la Innovación (PEI),"3,705,000"
METALISTIK SA DE CV,Programa de Estímulos a la Innovación (PEI),"1,077,091"
UTOPIA GREENTECH S. DE R.L. DE C.V.,Programa de Estímulos a la Innovación (PEI),"1,645,650"
"MESSIER SERVICES AMERICAS, S.A. DE C.V.",Programa de Estímulos a la Innovación (PEI),"1,831,000"
"FABRICANTES DE BASCULAS TORREY, S.A. DE C.V.",Programa de Estímulos a la Innovación (PEI),"1,776,878"
"SEMILLAS HARRIS MORAN MEXICANA, SA DE CV",Programa de Estímulos a la Innovación (PEI),"2,118,328"
NECONTECH DE MÉXICO S DE RL DE CV,Programa de Estímulos a la Innovación (PEI),"7,825,560"
"TECNO PROCESOS ABERI, S.A  DE C.V.",Programa de Estímulos a la Innovación (PEI),"7,735,000"
"SYS21 MEXICO, S.A.",Programa de Estímulos a la Innovación (PEI),"4,995,000"
INVENTIVE POWER S.A. DE C.V.,Programa de Estímulos a la Innovación (PEI),"2,003,588"
AGROINTER SA DE CV,Programa de Estímulos a la Innovación (PEI),"2,672,496"
PLASTICOS TECNICOS MEXICANOS SA DE CV,Programa de Estímulos a la Innovación (PEI),"2,466,622"
GREENIT INNOVATION TECH SA DE CV,Programa de Estímulos a la Innovación (PEI),"2,712,190"
INDUSTRIAS DMU SA DE CV,Programa de Estímulos a la Innovación (PEI),"4,016,226"
SANCHEZ S.A. DE C.V.,Programa de Estímulos a la Innovación (PEI),"786,128"
1-2-3 PIÑATAS DE SAN LUIS S. DE R.L. DE C.V.,Programa de Estímulos a la Innovación (PEI),"1,494,171"
"SOCCER ESPECIALISTA EN ARQUEROS, S.A. DE C.V",Programa de Estímulos a la Innovación (PEI),"3,138,120"
DATOS EN TECNOLOGÍAS DE INFORMACIÓN Y COMUNICACIONES S.A. DE C.V.,Programa de Estímulos a la Innovación (PEI),"1,689,200"
"CLIFF AND COMPANY, S.A. DE C.V.",Programa de Estímulos a la Innovación (PEI),"8,260,680"
FUGA DE CEREBROS S.A. DE C.V.,Programa de Estímulos a la Innovación (PEI),"3,615,850"
"CURTIDOS Y ACABADOS KODIAK, S.A. DE C.V.",Programa de Estímulos a la Innovación (PEI),"3,088,262"
PLÁSTICOS PANAMERICANOS S.A.DE C.V,Programa de Estímulos a la Innovación (PEI),"4,589,686"
IMPLEMENTOS OCHOA SA DE CV,Programa de Estímulos a la Innovación (PEI),"14,402,883"
SINTENOVO SA DE CV,Programa de Estímulos a la Innovación (PEI),"645,002"
DESARROLLO DE ENERGÍAS EN TICS S.A. DE C.V.,Programa de Estímulos a la Innovación (PEI),"7,000,002"
INNOVACION INDUSTRIAL CORPORATIVA SA DE CV,Programa de Estímulos a la Innovación (PEI),"2,829,650"
CHAMPIÑONES EL ENCINAL MB SA DE CV,Programa de Estímulos a la Innovación (PEI),"924,901"
"JOSAWA, S.A. DE C.V.",Programa de Estímulos a la Innovación (PEI),"4,269,697"
INDUSTRIAL LODI S.A. DE C.V.,Programa de Estímulos a la Innovación (PEI),"4,087,500"
"AKSYS DE MÉXICO, S.A. DE C.V.",Programa de Estímulos a la Innovación (PEI),"3,386,500"
"TRIOLABS, S.A.P.I. DE C.V.",Programa de Estímulos a la Innovación (PEI),"5,704,114"
QENER SA DE CV,Programa de Estímulos a la Innovación (PEI),"12,679,383"
KARAOKULTA SAPI DE CV,Programa de Estímulos a la Innovación (PEI),"2,697,412"
"METALURGICA INDUSTRIAL REGIOMONTANA, CO. S.A. DE C.V.",Programa de Estímulos a la Innovación (PEI),"2,464,711"
NATURA XALLI SA DE CV,Programa de Estímulos a la Innovación (PEI),"1,020,000"
TURBOALEACIONES S.A. DE C.V.,Programa de Estímulos a la Innovación (PEI),"3,175,699"
PRODUCTORA DE CERÁMICA S.A. DE C.V.,Programa de Estímulos a la Innovación (PEI),"3,636,676"
SMARTSOFT AMERICA BUSINESS APPLICATIONS S. A. DE C.V.,Programa de Estímulos a la Innovación (PEI),"2,472,188"
AGRODISTRIBUCIONES JAR S.A DE C.V,Programa de Estímulos a la Innovación (PEI),"4,981,944"
NATURA XALLI SA DE CV,Programa de Estímulos a la Innovación (PEI),"1,009,500"
TENEDORA NEMAK S.A. DE C.V.,Programa de Estímulos a la Innovación (PEI),"7,011,888"
"METAL EUTECTIC, S.A. DE C.V.",Programa de Estímulos a la Innovación (PEI),"4,863,600"
REALIDAD AUMENTADA MEXICO S DE RL DE CV,Programa de Estímulos a la Innovación (PEI),"2,940,000"
"FINANPORT, SA DE CV",Programa de Estímulos a la Innovación (PEI),"4,914,812"
GAS NATURAL URUAPAN S.A. DE C.V.,Programa de Estímulos a la Innovación (PEI),"7,042,263"
NEBUSENS S. DE R.L. DE C.V,Programa de Estímulos a la Innovación (PEI),"2,514,700"
SMARTSOFT AMERICA BUSINESS APPLICATIONS S. A. DE C.V.,Programa de Estímulos a la Innovación (PEI),"2,134,689"
COMERCIALIZADORA DE CALZADO EL MARATON SA DE CV,Programa de Estímulos a la Innovación (PEI),"2,648,200"
SMARTSOFT AMERICA BUSINESS APPLICATIONS S. A. DE C.V.,Programa de Estímulos a la Innovación (PEI),"2,022,188"
QENER SA DE CV,Programa de Estímulos a la Innovación (PEI),"4,347,903"
"PROMOTORA Y CONSULTORÍA DE PROYECTOS TECNOLÓGICOS Y CIENTÍFICOS, S.A. DE C.V",Programa de Estímulos a la Innovación (PEI),"1,880,321"
AMARANTO DE MESOAMERICA PARA EL MUNDO S.C. DE R.L.,Programa de Estímulos a la Innovación (PEI),"1,571,735"
"SI O SI ALIMENTOS, S.A.P.I. DE C.V.",Programa de Estímulos a la Innovación (PEI),"3,253,950"
SNECMA AMERICA ENGINE SERVICES S.A. DE C.V.,Programa de Estímulos a la Innovación (PEI),"7,013,940"
"SOLEXVINTEL, S.A. DE C.V.",Programa de Estímulos a la Innovación (PEI),"9,837,332"
UNION GANADERA DELICIAS S DE RL DE CV,Programa de Estímulos a la Innovación (PEI),"11,426,000"
EUROTRANCIATURA MEXICO SA DE CV,Programa de Estímulos a la Innovación (PEI),"9,949,644"
"ARGUS TECNOLOGIAS, S.A. DE C.V.",Programa de Estímulos a la Innovación (PEI),"330,813"
GIS TECNOLOGIAS S DE RL DE CV,Programa de Estímulos a la Innovación (PEI),"4,858,960"
TROQUELADOS REX S.A. DE C.V.,Programa de Estímulos a la Innovación (PEI),"3,470,466"
GRUPO EMPRESARIAL PAMERSON S.A. DE C.V.,Programa de Estímulos a la Innovación (PEI),"4,498,500"
IOSA DE LOS MOCHIS SA DE CV,Programa de Estímulos a la Innovación (PEI),"4,994,252"
"CORROSIÓN Y PROTECCIÓN, S.A. DE C.V.",Programa de Estímulos a la Innovación (PEI),"5,651,146"
"ABSORTECH AND INNOVATIONS ROXDAN, S.A. DE C.V.",Programa de Estímulos a la Innovación (PEI),"5,875,000"
"KAUTEC TECHNOLOGIES, S.A.P.I. DE C.V.",Programa de Estímulos a la Innovación (PEI),"4,998,719"
"OAXACA AEROSPACE, SA DE CV",Programa de Estímulos a la Innovación (PEI),"6,708,792"
"LANDSTEINER SCIENTIFIC, S.A. DE C.V.",Programa de Estímulos a la Innovación (PEI),"2,351,000"
CAMBRICO LABORATORIO MOLECULAR MEXICANO SA DE CV,Programa de Estímulos a la Innovación (PEI),"5,883,500"
ROTOPLAS SA DE CV,Programa de Estímulos a la Innovación (PEI),"6,290,242"
"SEEDO, SERVICIOS DE INNOVACION EMPRENDEDORA, S DE RL DE CV",Programa de Estímulos a la Innovación (PEI),"3,192,500"
"DINA CAMIONES, S.A. DE C.V.",Programa de Estímulos a la Innovación (PEI),"6,654,216"
"TECNOAGRICOLA ESPECIALIZADA DE LOS MOCHIS, SA DE CV",Programa de Estímulos a la Innovación (PEI),"4,978,626"
"INVESTIGACIÓN Y PRODUCCIÓN AGROPECUARIA DEL ALTIPLANO, S.P.R. DE R.L.",Programa de Estímulos a la Innovación (PEI),"1,323,500"
"AGROTECNOLOGIAS TOKAAN, S.P.R. DE R.L. DE C.V.",Programa de Estímulos a la Innovación (PEI),"5,996,950"
AUTOMOTIVE R & D MEXICO SA DE CV,Programa de Estímulos a la Innovación (PEI),"8,797,680"
"DINA CAMIONES, S.A. DE C.V.",Programa de Estímulos a la Innovación (PEI),"4,060,170"
DIGITEC EDUCACIONAL STUDIOS S. DE R.L DE C.V,Programa de Estímulos a la Innovación (PEI),"5,081,745"
LCI INTERNATIONAL BUSINESS SOLUTIONS S DE RL DE CV,Programa de Estímulos a la Innovación (PEI),"778,374"
"FORD MOTOR COMPANY, S.A. DE C.V.",Programa de Estímulos a la Innovación (PEI),"354,765"
SISTEMAS TECNOLÓGICOS J2 S.A. DE C.V.,Programa de Estímulos a la Innovación (PEI),"3,616,936"
"SALMI DEL SURESTE, S.A. DE C.V.",Programa de Estímulos a la Innovación (PEI),"2,326,672"
"INNOVACIONES TECNOLÓGICAS KOKOC, SA DE CV",Programa de Estímulos a la Innovación (PEI),"5,044,900"
ELTORO PRODUCTOS Y DERIVADOS SA DE CV,Programa de Estímulos a la Innovación (PEI),"3,327,025"
TRANSFORMADORES INTELIGÉNTES DE MÉXICO SAPI DE CV,Programa de Estímulos a la Innovación (PEI),"3,626,590"
SOFI DE CHIHUAHUA S.A. DE C.V,Programa de Estímulos a la Innovación (PEI),"4,284,664"
DISEÑO E INGENIERIA APLICADA SUAREZ SA DE CV,Programa de Estímulos a la Innovación (PEI),"2,940,999"
T.F. VICTOR SA DE CV,Programa de Estímulos a la Innovación (PEI),"1,917,700"
MEXUSA UNION DE SOLUCIONES TECNOLOGICAS S.A. DE C.V.,Programa de Estímulos a la Innovación (PEI),"2,741,750"
"GRUPO DE OPTIMIZACION LOGISTICA GESR, S.A. DE C.V.",Programa de Estímulos a la Innovación (PEI),"1,940,500"
DAVAD S.A. DE C.V.,Programa de Estímulos a la Innovación (PEI),"2,362,500"
"LABORATORIOS AGROENZYMAS, S.A. DE C.V.",Programa de Estímulos a la Innovación (PEI),"7,089,323"
COMPAÑIA MEXICANA DE RADIOLOGIA CGR SA DE CV,Programa de Estímulos a la Innovación (PEI),"984,844"
NOVALOSA PROYECTOS SA DE CV,Programa de Estímulos a la Innovación (PEI),"1,116,678"
COLIMOTES PRODUCTIVOS S. P. R. DE R. L.,Programa de Estímulos a la Innovación (PEI),"5,575,000"
TECNOLOGIAS ALTERNATIVAS DEL NORESTE S.A DE C.V,Programa de Estímulos a la Innovación (PEI),"1,648,250"
"GRUPO R DE RECICLAJE, S. A. DE C. V.",Programa de Estímulos a la Innovación (PEI),"8,975,183"
CORPORATIVO S.O.S. S.A. DE C.V.,Programa de Estímulos a la Innovación (PEI),"434,626"
MERCADOTECNIA EN REDES SOCIALES Y PUBLICITARIAS SA DE CV,Programa de Estímulos a la Innovación (PEI),"1,913,199"
"AGROTECNOLOGIAS TOKAAN, S.P.R. DE R.L. DE C.V.",Programa de Estímulos a la Innovación (PEI),"11,294,223"
DIGITALIZA TXT SA DE CV,Programa de Estímulos a la Innovación (PEI),"5,091,926"
COMERCIALIZADORA MAJO SA DE CV,Programa de Estímulos a la Innovación (PEI),"3,261,050"
INNOVATRONICS S DE RL DE CV,Programa de Estímulos a la Innovación (PEI),"2,233,925"
"ACUACULTURA PLANEADA, S. DE R.L. MI.",Programa de Estímulos a la Innovación (PEI),"4,497,500"
COMERCIAL TEIFAROS S DE RL,Programa de Estímulos a la Innovación (PEI),"2,800,660"
DEVISING SOLUTIONS SAPI DE CV,Programa de Estímulos a la Innovación (PEI),"4,249,389"
PRODUCTOS Y SERVICIOS DE ALTA TECNOLOGÍA S DE RL DE CV,Programa de Estímulos a la Innovación (PEI),"1,937,500"
AZTEC PRIDE INTERNACIONAL SAPI DE CV,Programa de Estímulos a la Innovación (PEI),"1,109,130"
PREMET S.A. DE C.V.,Programa de Estímulos a la Innovación (PEI),"3,337,501"
CICSA MANUFACTURING S.A. DE C.V.,Programa de Estímulos a la Innovación (PEI),"6,161,616"
LOTTO BIO NANO LABORATORIES SA DE CV,Programa de Estímulos a la Innovación (PEI),"4,041,512"
PROCESADORA DE LACTEOS LA NONA S.P.R. DE R.L.,Programa de Estímulos a la Innovación (PEI),"4,798,500"
SYPRIS TECHNOLOGIES MEXICO S. DE R. L. DE C. V.,Programa de Estímulos a la Innovación (PEI),"2,678,434"
"CONMEXDIST CONSORCIO MEXICANO DE DESARROLLO INNOVACION Y SERVICIOS TECNOLÓGICOS, S.A. DE C.V.",Programa de Estímulos a la Innovación (PEI),"7,632,181"
"AGRICULTURA NACIONAL, S.A. DE C.V.",Programa de Estímulos a la Innovación (PEI),"963,496"
TRANSFORMADORES INTELIGÉNTES DE MÉXICO SAPI DE CV,Programa de Estímulos a la Innovación (PEI),"4,416,206"
EVERCAST S.A. DE C.V.,Programa de Estímulos a la Innovación (PEI),"4,413,910"
AGRICOLA NUEVO SENDERO S. P. R.  DE  R. L.,Programa de Estímulos a la Innovación (PEI),"5,459,500"
"MANUFACTURAS POST-FORM, S.A. DE C.V.",Programa de Estímulos a la Innovación (PEI),"2,868,000"
IRIZAR MEXICO SA DE CV,Programa de Estímulos a la Innovación (PEI),"8,196,853"
ELECTRO CONTROLES DEL NOROESTE SA DE CV,Programa de Estímulos a la Innovación (PEI),"2,207,034"
CELULAS DE CORDON UMBILICAL SA DE CV,Programa de Estímulos a la Innovación (PEI),"1,738,408"
CIA. INDUSTRIAL DE LONAS SA DE CV.,Programa de Estímulos a la Innovación (PEI),"3,922,395"
"NSA, NANOBIOTECNOLOGIA Y SOLUCIONES AVANZADAS SA DE CV",Programa de Estímulos a la Innovación (PEI),"9,305,584"
DERIVADOS LÁCTEOS QUENATURAL S.A. DE C.V.,Programa de Estímulos a la Innovación (PEI),"4,597,787"
SEDIPSSA COMERCIALIZADORA S.A. DE C.V.,Programa de Estímulos a la Innovación (PEI),"7,865,469"
CONSIRE S.A. DE C.V.,Programa de Estímulos a la Innovación (PEI),"1,058,140"
"ARGUS TECNOLOGIAS, S.A. DE C.V.",Programa de Estímulos a la Innovación (PEI),"330,397"
SINNECTICA LABS SA DE CV,Programa de Estímulos a la Innovación (PEI),"1,752,550"
"BIOEXTRACTO, S.A. DE C.V.",Programa de Estímulos a la Innovación (PEI),"1,246,564"
T-SYSTEMS MEXICO SA DE CV,Programa de Estímulos a la Innovación (PEI),"551,826"
CINOVATEC S.A. DE C.V.,Programa de Estímulos a la Innovación (PEI),"3,279,185"
INDUSTRIAS LAREL S.A. DE C.V.,Programa de Estímulos a la Innovación (PEI),"4,471,041"
INTERNET DEVELOPMENT SA DE CV,Programa de Estímulos a la Innovación (PEI),"1,432,530"
LABINAL DE MEXICO SA DE CV,Programa de Estímulos a la Innovación (PEI),"5,645,056"
"TECNOLOGIAS EOS, S. A. DE C. V.",Programa de Estímulos a la Innovación (PEI),"10,462,774"
"SICOR DE MEXICO, S.A. DE C.V.",Programa de Estímulos a la Innovación (PEI),"8,777,855"
SERVIN SOLUCIONES Y SERVICIOS INTEGRALES SA DE CV,Programa de Estímulos a la Innovación (PEI),"6,285,353"
"INTERNACIONAL DE CERAMICA, S.A.B. DE C.V",Programa de Estímulos a la Innovación (PEI),"6,504,875"
"KRONOS INNOVACION, S. DE R.L. DE C.V.",Programa de Estímulos a la Innovación (PEI),"2,756,111"
"FORD MOTOR COMPANY, S.A. DE C.V.",Programa de Estímulos a la Innovación (PEI),"122,739"
ALTO DISEÑO S.A. DE C.V.,Programa de Estímulos a la Innovación (PEI),"1,792,452"
CONSTRUCTORA FLORPEP SA DE CV,Programa de Estímulos a la Innovación (PEI),"3,160,200"
COLIMAN FRUTAS FINAS S DE RL DE CV,Programa de Estímulos a la Innovación (PEI),"8,001,968"
"COMERCIAL MEXICANA DE PINTURAS, SA DE CV",Programa de Estímulos a la Innovación (PEI),"1,665,062"
RODAS COMPUTACION SA DE CV,Programa de Estímulos a la Innovación (PEI),"1,518,340"
POLEC INDUSTRIAS S. DE R.L. DE C.V.,Programa de Estímulos a la Innovación (PEI),"2,455,036"
TECA2E S DE RL DE CV,Programa de Estímulos a la Innovación (PEI),"5,585,694"
RECUBRIMIENTOS TEXTURIZADOS SA DE CV,Programa de Estímulos a la Innovación (PEI),"4,138,150"
ZONA ZERO S.A. DE C.V.,Programa de Estímulos a la Innovación (PEI),"4,192,009"
NANO COATING TECHNOLOGIES SA DE CV,Programa de Estímulos a la Innovación (PEI),"5,782,659"
MEZFER SANTE S. A DE C. V.,Programa de Estímulos a la Innovación (PEI),"534,500"
NORTH SEA DRILLING TECNOLOGIES S.A. DE C.V.,Programa de Estímulos a la Innovación (PEI),"9,488,891"
"GRUPO INDUSTRIAL TAURO, S.A. DE C.V.",Programa de Estímulos a la Innovación (PEI),"1,111,413"
"MIRACLE BUSINESS NETWORK, S.A. DE C.V.",Programa de Estímulos a la Innovación (PEI),"162,000"
ARCAYA SA DE CV,Programa de Estímulos a la Innovación (PEI),"5,930,518"
TRACSA S.A.P.I. DE C.V.,Programa de Estímulos a la Innovación (PEI),"1,035,901"
"FORTIA TECHNOLOGY, SA DE CV",Programa de Estímulos a la Innovación (PEI),"4,063,480"
"TUPY MEXICO SALTILLO, S.A. DE C.V.",Programa de Estímulos a la Innovación (PEI),"1,640,235"
CITRICOS EX SA DE CV,Programa de Estímulos a la Innovación (PEI),"1,377,797"
IMPULSORA DE PROYECTOS PRODUCTIVOS SA DE CV,Programa de Estímulos a la Innovación (PEI),"7,990,000"
INELAP SA DE CV,Programa de Estímulos a la Innovación (PEI),"6,784,966"
COMERCIALIZADORA K MOX SA DE CV,Programa de Estímulos a la Innovación (PEI),"204,565"
NORDSTERN TECHNOLOGIES SA DE CV,Programa de Estímulos a la Innovación (PEI),"1,269,300"
"EMBSOFT, SA DE CV",Programa de Estímulos a la Innovación (PEI),"2,560,010"
"LABORATORIOS PISA, S.A. DE C.V.",Programa de Estímulos a la Innovación (PEI),"11,003,719"
PLASTICOS DECORADOS SOCIEDAD DE RESPONSABILIDAD LIMITADA MICROINDUSTRIAL,Programa de Estímulos a la Innovación (PEI),"2,800,000"
DISEÑO E INGENIERIA SUSTENTABLE SA DE CV,Programa de Estímulos a la Innovación (PEI),"4,755,750"
ALINTE S DE R.L. DE C.V.,Programa de Estímulos a la Innovación (PEI),"10,446,000"
SUKARNE AGROINDUSTRIAL SA DE CV,Programa de Estímulos a la Innovación (PEI),"8,795,297"
LOS GRANJEROS DE NEBRASKA SPR DE RI,Programa de Estímulos a la Innovación (PEI),"1,767,063"
ANTECNOLOGIES S DE RL,Programa de Estímulos a la Innovación (PEI),"2,835,000"
HOS QUARKS INNOVATION S.A. DE C.V.,Programa de Estímulos a la Innovación (PEI),"3,351,883"
VOLTA ROBOTICS S.A. DE C.V.,Programa de Estímulos a la Innovación (PEI),"1,924,300"
PYROSMART MÉXICO S. A. DE C. V.,Programa de Estímulos a la Innovación (PEI),"7,598,195"
COMERCIALIZADORA SUPER COM & MKT SA DE CV,Programa de Estímulos a la Innovación (PEI),"3,119,375"
TREVERK S.A. DE C.V.,Programa de Estímulos a la Innovación (PEI),"2,421,060"
"ITP INGENIERÍA Y FABRICACIÓN, S.A. DE C.V.",Programa de Estímulos a la Innovación (PEI),"1,700,000"
ADD ENGINEERING SA DE CV,Programa de Estímulos a la Innovación (PEI),"1,236,199"
ANTECNOLOGIES S DE RL,Programa de Estímulos a la Innovación (PEI),"3,249,602"
VEHÍCULOS ELÉCTRICOS CORPORATIVOS VEC S. A. DE C. V.,Programa de Estímulos a la Innovación (PEI),"16,415,444"
ALTASER SA DE CV,Programa de Estímulos a la Innovación (PEI),"5,813,700"
ANTECNOLOGIES S DE RL,Programa de Estímulos a la Innovación (PEI),"2,250,530"
"MIRACLE BUSINESS NETWORK, S.A. DE C.V.",Programa de Estímulos a la Innovación (PEI),"5,462,788"
LETRA POR LETRA S.A DE C.V.,Programa de Estímulos a la Innovación (PEI),"3,300,000"
LLAOS ACUACULTURA SA DE CV,Programa de Estímulos a la Innovación (PEI),"11,149,154"
MEXICANA DE SERVICIOS AVANZADOS EN DATOS S.A DE C.V,Programa de Estímulos a la Innovación (PEI),"1,977,160"
IMPRESOS GRAFICOS DE CHIHUAHUA SA DE CV,Programa de Estímulos a la Innovación (PEI),"5,065,971"
I-XPORT S.A. DE C.V.,Programa de Estímulos a la Innovación (PEI),"1,883,067"
INDUSTRIAL DE PRODUCTOS PETROLEROS SA DECV,Programa de Estímulos a la Innovación (PEI),"3,208,000"
AM DL MRO JV S.A.P.I. DE C.V.,Programa de Estímulos a la Innovación (PEI),"1,579,750"
SUKARNE PRODUCCION SA DE CV,Programa de Estímulos a la Innovación (PEI),"5,093,765"
"CORVELIS DESARROLLOS, S.A. DE C.V.",Programa de Estímulos a la Innovación (PEI),"4,913,857"
INCOTEX INGENIERIA Y CONSULTORIA TECNOLOGICA SA DE CV,Programa de Estímulos a la Innovación (PEI),"2,074,905"
"DEACERO, S.A.P.I. DE C.V.",Programa de Estímulos a la Innovación (PEI),"1,019,522"
GRUPO ACUANOVUS S.A. DE C.V.,Programa de Estímulos a la Innovación (PEI),"2,634,500"
4 TOOLS POWER SYSTEMS S.A DE C.V,Programa de Estímulos a la Innovación (PEI),"1,047,065"
"TUXOR, S.A. DE C.V",Programa de Estímulos a la Innovación (PEI),"4,981,355"
INDUSTRIAS VANDERDROID SAPI DE CV,Programa de Estímulos a la Innovación (PEI),"1,650,000"
"INTEC DE MÉXICO, S.A.P.I. DE C.V.",Programa de Estímulos a la Innovación (PEI),"2,812,500"
GANADERIA INTEGRAL VIZUR SA DE CV,Programa de Estímulos a la Innovación (PEI),"4,975,600"
GUANTES INTERNACIONALES SA DE CV,Programa de Estímulos a la Innovación (PEI),"1,621,585"
PLASFORMER INDUSTRIES SA DE CV,Programa de Estímulos a la Innovación (PEI),"1,957,449"
GRUPO CELULARBEEP S.A. DE C.V.,Programa de Estímulos a la Innovación (PEI),"5,706,258"
SERVICIOS Y OPERACIONES INTEGRALES S.A. DE C.V.,Programa de Estímulos a la Innovación (PEI),"5,384,875"
MACADAMIA INDUSTRIAS DE OCOSINGO S.P.R.DE R.L.,Programa de Estímulos a la Innovación (PEI),"3,918,500"
GENES2LIFE SAPI DE CV,Programa de Estímulos a la Innovación (PEI),"4,192,000"
PLANAMERICA S DE RL DE CV,Programa de Estímulos a la Innovación (PEI),"316,174"
ALFA CENTAURI SOLUCIONES EN SOFTWARE Y TECNOLOGIAS DE LA INFORMACIÓN S.A. DE C.V.,Programa de Estímulos a la Innovación (PEI),"4,057,666"
SOLETÉ S.A. DE C.V.,Programa de Estímulos a la Innovación (PEI),"5,904,924"
BM SOLUTIONS S.A. DE C.V.,Programa de Estímulos a la Innovación (PEI),"2,301,476"
HARMONY TECHNOLOGIES SA DE CV,Programa de Estímulos a la Innovación (PEI),"10,800,000"
LASEC TELECOMUNICACIONES SAPI DE CV,Programa de Estímulos a la Innovación (PEI),"3,465,495"
